pickup_from,deliver_to,package_id,clust,route_id,weight,return,volume,delivery_date,vehicle_id
MISTER DONUT MANGGAHAN PLANT,7--11 THE STRIP MERALCO ST1510,box0197,1,517,3,TRUE,3,5/1/2018,truck_3_1
MISTER DONUT MANGGAHAN PLANT,7-11 CARDINAL SANTOS MEDICAL CEN,box0041,1,513,3,TRUE,3,5/1/2018,truck_2_1
MISTER DONUT MANGGAHAN PLANT,7-11 GOLD LAND TOWER ST1365,box0200,1,517,1,TRUE,1,5/1/2018,truck_2_1
MISTER DONUT MANGGAHAN PLANT,7-11 MARCO POLO,box0146,1,515,3,TRUE,3,5/1/2018,truck_3_1
MISTER DONUT MANGGAHAN PLANT,7-11 MCKINLEY,box0201,1,517,5,TRUE,5,5/1/2018,truck_2_1
MISTER DONUT MANGGAHAN PLANT,7-11 SILVER CITY,box0568,1,536,2,TRUE,2,5/1/2018,truck_1_1
MISTER DONUT MANGGAHAN PLANT,7-11 ST1341 AIC EMPIRE SAPPHIRE,box0147,1,515,3,TRUE,3,5/1/2018,truck_1_1
MISTER DONUT MANGGAHAN PLANT,7-11 ST1342 BSA TWIN TOWERS,box0154,1,515,1,TRUE,1,5/1/2018,truck_2_1
MISTER DONUT MANGGAHAN PLANT,7-11 ST1598 IBM PLAZA EASTWOOD,box0405,1,525,6,TRUE,6,5/1/2018,truck_2_1
MISTER DONUT MANGGAHAN PLANT,7-11 ST166 PHILCOPY,box0038,1,513,4,TRUE,4,5/1/2018,truck_2_1
MISTER DONUT MANGGAHAN PLANT,7-11 ST1688 SILVER CITY 2,box0567,1,536,5,TRUE,5,5/1/2018,truck_1_1
MISTER DONUT MANGGAHAN PLANT,7-11 ST1709 CONECTICUT 2,box0198,1,517,4,TRUE,4,5/1/2018,truck_2_1
MISTER DONUT MANGGAHAN PLANT,7-11 ST1941 SHINE RESIDENCES,box0145,1,515,1,TRUE,1,5/1/2018,truck_1_1
MISTER DONUT MANGGAHAN PLANT,7-11 ST1971 ST. FRANCIS,box0153,1,515,2,TRUE,2,5/1/2018,truck_3_1
MISTER DONUT MANGGAHAN PLANT,7-11 ST2129 TEKTITE TOWER,box0159,1,515,5,TRUE,5,5/1/2018,truck_3_1
MISTER DONUT MANGGAHAN PLANT,7-11 ST2192 ORTIGAS PARK,box0150,1,515,3,TRUE,3,5/1/2018,truck_3_1
MISTER DONUT MANGGAHAN PLANT,7-11 ST2273 ABERLANDO PLAZA,box0156,1,515,3,TRUE,3,5/1/2018,truck_3_1
MISTER DONUT MANGGAHAN PLANT,7-11 ST237 ORIENT SQUARE,box0152,1,515,3,TRUE,3,5/1/2018,truck_3_1
MISTER DONUT MANGGAHAN PLANT,7-11 ST285 EMERALD,box0157,1,515,3,TRUE,3,5/1/2018,truck_3_1
MISTER DONUT MANGGAHAN PLANT,7-11 ST301 ANNAPOLIS,box0199,1,517,1,TRUE,1,5/1/2018,truck_2_1
MISTER DONUT MANGGAHAN PLANT,7-11 ST309 AIC GALLERIA,box0148,1,515,5,TRUE,5,5/1/2018,truck_1_1
MISTER DONUT MANGGAHAN PLANT,7-11 ST318 PEARL DRIVE,box0158,1,515,5,TRUE,5,5/1/2018,truck_3_1
MISTER DONUT MANGGAHAN PLANT,7-11 ST350 PACIFIC CENTER,box0155,1,515,3,TRUE,3,5/1/2018,truck_3_1
MISTER DONUT MANGGAHAN PLANT,7-11 ST421 AIC GOLD,box0149,1,515,2,TRUE,2,5/1/2018,truck_1_1
MISTER DONUT MANGGAHAN PLANT,7-11 WHITEPLAINS ST1767,box0407,1,525,1,TRUE,1,5/1/2018,truck_2_1
MISTER DONUT MANGGAHAN PLANT,7-11 WILSON,box0040,1,513,4,TRUE,4,5/1/2018,truck_2_1
MISTER DONUT MANGGAHAN PLANT,7-11 WYNSUM,box0151,1,515,2,TRUE,2,5/1/2018,truck_3_1
MISTER DONUT MANGGAHAN PLANT,LAWSON EISENHOWER,box0570,1,536,1,TRUE,1,5/1/2018,truck_2_1
MISTER DONUT MANGGAHAN PLANT,LAWSON RAFFLES,box0575,1,536,3,TRUE,3,5/1/2018,truck_3_1
MISTER DONUT MANGGAHAN PLANT,"MD SHOP, GREENHILLS 3",box0569,1,536,25,TRUE,25,5/1/2018,truck_2_1
MISTER DONUT MANGGAHAN PLANT,"MD SHOP, ROBINSONS GALLERIA",box0573,1,536,17,TRUE,17,5/1/2018,truck_3_1
MISTER DONUT MANGGAHAN PLANT,"MD SHOP, SM MEGAMALL",box0572,1,536,32,TRUE,32,5/1/2018,truck_3_1
MISTER DONUT MANGGAHAN PLANT,MD STARMALL EDSA TERMINAL,box0628,1,540,12,TRUE,12,5/1/2018,truck_2_1
MISTER DONUT MANGGAHAN PLANT,MD SULTAN,box0629,1,540,14,TRUE,14,5/1/2018,truck_2_1
MISTER DONUT MANGGAHAN PLANT,SH EDSA BRGY BARRANCA,box0630,1,540,1,TRUE,1,5/1/2018,truck_2_1
MISTER DONUT MANGGAHAN PLANT,ZAPP ST MARTIN PASIG,box0571,1,536,1,TRUE,1,5/1/2018,truck_1_1
MISTER DONUT MANGGAHAN PLANT,7-11  ST819 ST. LUKES,box0053,2,513,3,TRUE,3,5/1/2018,truck_1_2
MISTER DONUT MANGGAHAN PLANT,7-11 G TUAZON 2,box0189,2,516,2,TRUE,2,5/1/2018,truck_2_2
MISTER DONUT MANGGAHAN PLANT,7-11 PRINCETON RESIDENCE,box0046,2,513,2,TRUE,2,5/1/2018,truck_1_2
MISTER DONUT MANGGAHAN PLANT,7-11 ST104 GALAS,box0060,2,513,4,TRUE,4,5/1/2018,truck_2_2
MISTER DONUT MANGGAHAN PLANT,7-11 ST1166DELOS SANTOS HOSPITAL,box0056,2,513,3,TRUE,3,5/1/2018,truck_2_2
MISTER DONUT MANGGAHAN PLANT,7-11 ST1324 DONA AURORA E.ROD,box0058,2,513,2,TRUE,2,5/1/2018,truck_2_2
MISTER DONUT MANGGAHAN PLANT,7-11 ST1325 WILSON ABAD SANTOS,box0042,2,513,1,TRUE,1,5/1/2018,truck_2_2
MISTER DONUT MANGGAHAN PLANT,7-11 ST1331 BDO GREENHILLS,box0039,2,513,2,TRUE,2,5/1/2018,truck_1_2
MISTER DONUT MANGGAHAN PLANT,7-11 ST1544 GILMORE,box0047,2,513,2,TRUE,2,5/1/2018,truck_1_2
MISTER DONUT MANGGAHAN PLANT,7-11 ST158 N. DOMINGO,box0204,2,517,3,TRUE,3,5/1/2018,truck_2_2
MISTER DONUT MANGGAHAN PLANT,7-11 ST1622 N.DOMINGO 2,box0205,2,517,2,TRUE,2,5/1/2018,truck_1_2
MISTER DONUT MANGGAHAN PLANT,7-11 ST1656 MAXSTEEL BLDG,box0203,2,517,1,TRUE,1,5/1/2018,truck_1_2
MISTER DONUT MANGGAHAN PLANT,7-11 ST1727 FE DEL MUNDO HOSPITAL,box0057,2,513,4,TRUE,4,5/1/2018,truck_2_2
MISTER DONUT MANGGAHAN PLANT,7-11 ST1735 LRT V. MAPA,box0190,2,516,1,TRUE,1,5/1/2018,truck_2_2
MISTER DONUT MANGGAHAN PLANT,7-11 ST1990 PAZ ARANETA,box0064,2,513,2,TRUE,2,5/1/2018,truck_2_2
MISTER DONUT MANGGAHAN PLANT,7-11 ST2339 P GUEVARRA 2,box0043,2,513,3,TRUE,3,5/1/2018,truck_2_2
MISTER DONUT MANGGAHAN PLANT,7-11 ST241 ST.LUKES,box0054,2,513,3,TRUE,3,5/1/2018,truck_1_2
MISTER DONUT MANGGAHAN PLANT,7-11 ST2478 81 XAVIER,box0037,2,513,2,TRUE,2,5/1/2018,truck_1_2
MISTER DONUT MANGGAHAN PLANT,7-11 ST2623 TRINITY E-ROD,box0055,2,513,2,TRUE,2,5/1/2018,truck_1_2
MISTER DONUT MANGGAHAN PLANT,7-11 ST2862 ARLINGTON,box0044,2,513,4,TRUE,4,5/1/2018,truck_1_2
MISTER DONUT MANGGAHAN PLANT,7-11 ST2891 WILSON SAN JUAN,box0072,2,513,5,TRUE,5,5/1/2018,truck_2_2
MISTER DONUT MANGGAHAN PLANT,7-11 ST799 DONA AURORA (MILAN PROP),box0059,2,513,1,TRUE,1,5/1/2018,truck_2_2
MISTER DONUT MANGGAHAN PLANT,7-11 ST855 UERM,box0045,2,513,3,TRUE,3,5/1/2018,truck_2_2
MISTER DONUT MANGGAHAN PLANT,7-11 XAVIER,box0202,2,517,2,TRUE,2,5/1/2018,truck_1_2
MISTER DONUT MANGGAHAN PLANT,MD AMOR KALENTONG,box0633,2,540,8,TRUE,8,5/1/2018,truck_2_2
MISTER DONUT MANGGAHAN PLANT,MD KFC KALENTONG,box0634,2,540,8,TRUE,8,5/1/2018,truck_2_2
MISTER DONUT MANGGAHAN PLANT,MD MARKET PLACE KALENTONG,box0632,2,540,10,TRUE,10,5/1/2018,truck_2_2
MISTER DONUT MANGGAHAN PLANT,MD PUREGOLD AGORA SAN JUAN,box0635,2,540,12,TRUE,12,5/1/2018,truck_1_2
MISTER DONUT MANGGAHAN PLANT,MD PUREGOLD KALENTONG,box0636,2,540,9,TRUE,9,5/1/2018,truck_2_2
MISTER DONUT MANGGAHAN PLANT,MD PUREGOLD QI CENTRAL,box0417,2,525,13,TRUE,13,5/1/2018,truck_1_2
MISTER DONUT MANGGAHAN PLANT,7-11 139 CORPORATE CENTER,box0109,3,514,1,TRUE,1,5/1/2018,truck_2_3
MISTER DONUT MANGGAHAN PLANT,7-11 AYALA FGU,box0107,3,514,4,TRUE,4,5/1/2018,truck_3_3
MISTER DONUT MANGGAHAN PLANT,7-11 BSA TOWER,box0118,3,514,3,TRUE,3,5/1/2018,truck_1_3
MISTER DONUT MANGGAHAN PLANT,7-11 CHINO ROCES ST1420,box0308,3,520,4,TRUE,4,5/1/2018,truck_2_3
MISTER DONUT MANGGAHAN PLANT,7-11 DELA ROSA ST 2397,box0509,3,532,1,TRUE,1,5/1/2018,truck_3_3
MISTER DONUT MANGGAHAN PLANT,7-11 EVANGELISTA,box0313,3,520,6,TRUE,6,5/1/2018,truck_2_3
MISTER DONUT MANGGAHAN PLANT,7-11 GLOBAL ENTERPRISE,box0100,3,514,3,TRUE,3,5/1/2018,truck_3_3
MISTER DONUT MANGGAHAN PLANT,7-11 GREENBELT MADISON ST1497,box0502,3,532,3,TRUE,3,5/1/2018,truck_2_3
MISTER DONUT MANGGAHAN PLANT,7-11 HERCO,box0115,3,514,2,TRUE,2,5/1/2018,truck_3_3
MISTER DONUT MANGGAHAN PLANT,7-11 MARVIN PLAZA,box0504,3,532,3,TRUE,3,5/1/2018,truck_1_3
MISTER DONUT MANGGAHAN PLANT,7-11 ONE SOLARIS RETAIL 2,box0301,3,520,5,TRUE,5,5/1/2018,truck_1_3
MISTER DONUT MANGGAHAN PLANT,7-11 RCBC,box0105,3,514,2,TRUE,2,5/1/2018,truck_3_3
MISTER DONUT MANGGAHAN PLANT,7-11 SALCEDO 2 ST1418,box0501,3,532,2,TRUE,2,5/1/2018,truck_2_3
MISTER DONUT MANGGAHAN PLANT,7-11 SOMERSET,box0123,3,514,3,TRUE,3,5/1/2018,truck_2_3
MISTER DONUT MANGGAHAN PLANT,7-11 ST1015 ALPHA LAND MAKATI MALL,box0306,3,520,4,TRUE,4,5/1/2018,truck_3_3
MISTER DONUT MANGGAHAN PLANT,7-11 ST1100 PTT OSMENIA,box0316,3,520,2,TRUE,2,5/1/2018,truck_2_3
MISTER DONUT MANGGAHAN PLANT,7-11 ST1278 ETON GREENBELT PARKVIEW,box0116,3,514,4,TRUE,4,5/1/2018,truck_3_3
MISTER DONUT MANGGAHAN PLANT,7-11 ST1279 BEACON,box0309,3,520,3,TRUE,3,5/1/2018,truck_2_3
MISTER DONUT MANGGAHAN PLANT,7-11 ST1338 PRINCE PLAZA 2,box0119,3,514,3,TRUE,3,5/1/2018,truck_1_3
MISTER DONUT MANGGAHAN PLANT,7-11 ST1340 EVANGELISTA 2,box0314,3,520,3,TRUE,3,5/1/2018,truck_2_3
MISTER DONUT MANGGAHAN PLANT,7-11 ST1565 VA RUFINO,box0122,3,514,3,TRUE,3,5/1/2018,truck_2_3
MISTER DONUT MANGGAHAN PLANT,7-11 ST1649 TUNE HOTEL - MAKATI,box0303,3,520,2,TRUE,2,5/1/2018,truck_1_3
MISTER DONUT MANGGAHAN PLANT,7-11 ST1945 CORPORATE,box0113,3,514,3,TRUE,3,5/1/2018,truck_3_3
MISTER DONUT MANGGAHAN PLANT,7-11 ST1945 ONE CORP PLAZA,box0112,3,514,3,TRUE,3,5/1/2018,truck_3_3
MISTER DONUT MANGGAHAN PLANT,7-11 ST2080 PALANAN,box0298,3,520,2,TRUE,2,5/1/2018,truck_2_3
MISTER DONUT MANGGAHAN PLANT,7-11 ST213 PARKVEW,box0110,3,514,1,TRUE,1,5/1/2018,truck_1_3
MISTER DONUT MANGGAHAN PLANT,7-11 ST2207 DON BOSCO,box0310,3,520,4,TRUE,4,5/1/2018,truck_2_3
MISTER DONUT MANGGAHAN PLANT,7-11 ST2263 ONE CENTRAL,box0305,3,520,1,TRUE,1,5/1/2018,truck_3_3
MISTER DONUT MANGGAHAN PLANT,7-11 ST229 CITYLAND 10,box0106,3,514,3,TRUE,3,5/1/2018,truck_3_3
MISTER DONUT MANGGAHAN PLANT,7-11 ST2309 VICTORY HOTEL,box0307,3,520,2,TRUE,2,5/1/2018,truck_2_3
MISTER DONUT MANGGAHAN PLANT,7-11 ST2336 CHARTER HOUSE,box0117,3,514,1,TRUE,1,5/1/2018,truck_1_3
MISTER DONUT MANGGAHAN PLANT,7-11 ST2405 LV LOCSIN,box0120,3,514,3,TRUE,3,5/1/2018,truck_1_3
MISTER DONUT MANGGAHAN PLANT,7-11 ST2414 I CARE MAKATI,box0302,3,520,2,TRUE,2,5/1/2018,truck_1_3
MISTER DONUT MANGGAHAN PLANT,7-11 ST251 NOBEL,box0108,3,514,4,TRUE,4,5/1/2018,truck_2_3
MISTER DONUT MANGGAHAN PLANT,7-11 ST258 HERRERA,box0503,3,532,3,TRUE,3,5/1/2018,truck_2_3
MISTER DONUT MANGGAHAN PLANT,7-11 ST300 CONVERGYS,box0304,3,520,2,TRUE,2,5/1/2018,truck_2_3
MISTER DONUT MANGGAHAN PLANT,7-11 ST303 ASIAN MANSION,box0121,3,514,1,TRUE,1,5/1/2018,truck_1_3
MISTER DONUT MANGGAHAN PLANT,7-11 ST307 MADRIGAL,box0297,3,520,3,TRUE,3,5/1/2018,truck_1_3
MISTER DONUT MANGGAHAN PLANT,7-11 ST311 PDCP,box0104,3,514,2,TRUE,2,5/1/2018,truck_3_3
MISTER DONUT MANGGAHAN PLANT,7-11 ST401 PHILCOM,box0097,3,514,1,TRUE,1,5/1/2018,truck_2_3
MISTER DONUT MANGGAHAN PLANT,7-11 ST452 PIO DEL PILAR,box0506,3,532,3,TRUE,3,5/1/2018,truck_1_3
MISTER DONUT MANGGAHAN PLANT,7-11 ST804 AMORSOLO,box0114,3,514,2,TRUE,2,5/1/2018,truck_3_3
MISTER DONUT MANGGAHAN PLANT,7-11 ST940 RADA,box0299,3,520,4,TRUE,4,5/1/2018,truck_2_3
MISTER DONUT MANGGAHAN PLANT,7-11 STERLING CENTER,box0300,3,520,3,TRUE,3,5/1/2018,truck_2_3
MISTER DONUT MANGGAHAN PLANT,7-11 TARAG,box0111,3,514,2,TRUE,2,5/1/2018,truck_3_3
MISTER DONUT MANGGAHAN PLANT,7-11 TORDESILLAS,box0101,3,514,1,TRUE,1,5/1/2018,truck_3_3
MISTER DONUT MANGGAHAN PLANT,7-11 WASHINGTON,box0508,3,532,3,TRUE,3,5/1/2018,truck_3_3
MISTER DONUT MANGGAHAN PLANT,LAWSON - CHINO ROCES 2,box0505,3,532,2,TRUE,2,5/1/2018,truck_1_3
MISTER DONUT MANGGAHAN PLANT,LAWSON CHINO ROCES 1,box0507,3,532,2,TRUE,2,5/1/2018,truck_3_3
MISTER DONUT MANGGAHAN PLANT,MD AYALA CONCOURSE,box0510,3,532,6,TRUE,6,5/1/2018,truck_1_3
MISTER DONUT MANGGAHAN PLANT,MD JAC LINER BUENDIA,box0445,3,528,21,TRUE,21,5/1/2018,truck_2_3
MISTER DONUT MANGGAHAN PLANT,MD JAM BUS TERMINAL BUENDIA,box0448,3,528,10,TRUE,10,5/1/2018,truck_2_3
MISTER DONUT MANGGAHAN PLANT,MD LRT GIL PUYAT NORTH WING,box0446,3,528,12,TRUE,12,5/1/2018,truck_2_3
MISTER DONUT MANGGAHAN PLANT,MD LRT GIL PUYAT SOUTH WING,box0447,3,528,6,TRUE,6,5/1/2018,truck_2_3
MISTER DONUT MANGGAHAN PLANT,MD TRO-SPE Park Square Terminal Makati,box0511,3,532,8,TRUE,8,5/1/2018,truck_1_3
MISTER DONUT MANGGAHAN PLANT,ZAPP YEN YEN MRKTG,box0512,3,532,3,TRUE,3,5/1/2018,truck_2_3
MISTER DONUT MANGGAHAN PLANT,7-11 A. SQUARE ANONAS ST1395,box0271,4,519,1,TRUE,1,5/1/2018,truck_2_4
MISTER DONUT MANGGAHAN PLANT,7-11 CPI E.ROD ST1502,box0052,4,513,2,TRUE,2,5/1/2018,truck_1_4
MISTER DONUT MANGGAHAN PLANT,7-11 MURPHY,box0408,4,525,4,TRUE,4,5/1/2018,truck_4_4
MISTER DONUT MANGGAHAN PLANT,7-11 R. MAGSAYSAY,box0283,4,519,4,TRUE,4,5/1/2018,truck_3_4
MISTER DONUT MANGGAHAN PLANT,7-11 ST1097 CALTEX AURORA,box0270,4,519,3,TRUE,3,5/1/2018,truck_2_4
MISTER DONUT MANGGAHAN PLANT,7-11 ST1257 MANHATTAN PARKVIEW,box0288,4,519,1,TRUE,1,5/1/2018,truck_5_4
MISTER DONUT MANGGAHAN PLANT,7-11 ST1258 FARMERS PLAZA 2,box0293,4,519,2,TRUE,2,5/1/2018,truck_1_4
MISTER DONUT MANGGAHAN PLANT,7-11 ST1636 WINLAND TOWER,box0051,4,513,3,TRUE,3,5/1/2018,truck_1_4
MISTER DONUT MANGGAHAN PLANT,7-11 ST165 SUPER LINES,box0284,4,519,5,TRUE,5,5/1/2018,truck_3_4
MISTER DONUT MANGGAHAN PLANT,7-11 ST1861 NEPA Q MART,box0276,4,519,3,TRUE,3,5/1/2018,truck_3_4
MISTER DONUT MANGGAHAN PLANT,7-11 ST2007 GATEWAY MALL,box0292,4,519,2,TRUE,2,5/1/2018,truck_1_4
MISTER DONUT MANGGAHAN PLANT,7-11 ST2096 UNION SQUARE 15TH AVE.,box0296,4,519,3,TRUE,3,5/1/2018,truck_3_4
MISTER DONUT MANGGAHAN PLANT,7-11 ST215 CRAME,box0578,4,537,6,TRUE,6,5/1/2018,truck_1_4
MISTER DONUT MANGGAHAN PLANT,7-11 ST2296 LRT CUBAO,box0287,4,519,1,TRUE,1,5/1/2018,truck_3_4
MISTER DONUT MANGGAHAN PLANT,7-11 ST2301 CYBER PARK TOWER,box0295,4,519,1,TRUE,1,5/1/2018,truck_1_4
MISTER DONUT MANGGAHAN PLANT,7-11 ST2358 CORP PINATUBO,box0286,4,519,3,TRUE,3,5/1/2018,truck_4_4
MISTER DONUT MANGGAHAN PLANT,7-11 ST2384 CPI KAMUNING,box0048,4,513,2,TRUE,2,5/1/2018,truck_1_4
MISTER DONUT MANGGAHAN PLANT,7-11 ST2431 GARDEN SQUARE,box0579,4,537,2,TRUE,2,5/1/2018,truck_1_4
MISTER DONUT MANGGAHAN PLANT,7-11 ST250 AURORA,box0274,4,519,2,TRUE,2,5/1/2018,truck_3_4
MISTER DONUT MANGGAHAN PLANT,7-11 ST2625 MANHATTAN HEIGHTS,box0291,4,519,4,TRUE,4,5/1/2018,truck_4_4
MISTER DONUT MANGGAHAN PLANT,7-11 ST268 ARAYAT 2,box0285,4,519,2,TRUE,2,5/1/2018,truck_4_4
MISTER DONUT MANGGAHAN PLANT,7-11 ST276 HANSEL,box0273,4,519,3,TRUE,3,5/1/2018,truck_4_4
MISTER DONUT MANGGAHAN PLANT,7-11 ST383 MAYA,box0275,4,519,3,TRUE,3,5/1/2018,truck_4_4
MISTER DONUT MANGGAHAN PLANT,7-11 ST460 TELLUS ARANETA CENTER,box0294,4,519,3,TRUE,3,5/1/2018,truck_1_4
MISTER DONUT MANGGAHAN PLANT,7-11 ST762 SUPER CENTER,box0290,4,519,5,TRUE,5,5/1/2018,truck_5_4
MISTER DONUT MANGGAHAN PLANT,7-11 ST763 MANHATTAN PARKWAY,box0289,4,519,2,TRUE,2,5/1/2018,truck_3_4
MISTER DONUT MANGGAHAN PLANT,7-11 WORLD CITI,box0272,4,519,2,TRUE,2,5/1/2018,truck_2_4
MISTER DONUT MANGGAHAN PLANT,MAV PETRON SERVICECENTER,box0690,4,546,1,TRUE,1,5/1/2018,truck_2_4
MISTER DONUT MANGGAHAN PLANT,MD ACT THEATER,box0411,4,525,18,TRUE,18,5/1/2018,truck_1_4
MISTER DONUT MANGGAHAN PLANT,MD BICOL ISAROG BUS TERMINAL,box0412,4,525,10,TRUE,10,5/1/2018,truck_1_4
MISTER DONUT MANGGAHAN PLANT,MD EDSA MAC ARTHUR,box0403,4,525,10,TRUE,10,5/1/2018,truck_4_4
MISTER DONUT MANGGAHAN PLANT,MD EDSA MONTE DE PIEDAD,box0413,4,525,15,TRUE,15,5/1/2018,truck_3_4
MISTER DONUT MANGGAHAN PLANT,MD FARMERS 3F,box0687,4,545,9,TRUE,9,5/1/2018,truck_3_4
MISTER DONUT MANGGAHAN PLANT,MD FARMERS GROUND FLOOR,box0688,4,545,14,TRUE,14,5/1/2018,truck_3_4
MISTER DONUT MANGGAHAN PLANT,MD FARMERS PLAZA 2 DINE IN,box0686,4,545,17,TRUE,17,5/1/2018,truck_3_4
MISTER DONUT MANGGAHAN PLANT,MD FIVE STAR CUBAO TERMINAL,box0415,4,525,28,TRUE,28,5/1/2018,truck_1_4
MISTER DONUT MANGGAHAN PLANT,MD FIVE STAR TERMINAL CUBAO 2,box0414,4,525,71,TRUE,71,5/1/2018,truck_4_4
MISTER DONUT MANGGAHAN PLANT,MD MRT GROUND FLOOR CUBAO,box0410,4,525,30,TRUE,30,5/1/2018,truck_1_4
MISTER DONUT MANGGAHAN PLANT,"MD SHOP, ALIMALL",box0689,4,545,15,TRUE,15,5/1/2018,truck_5_4
MISTER DONUT MANGGAHAN PLANT,"MD SHOP, MANHATTAN",box0685,4,545,12,TRUE,12,5/1/2018,truck_5_4
MISTER DONUT MANGGAHAN PLANT,"MD SHOP, TRO-SPE ARANETA",box0684,4,545,18,TRUE,18,5/1/2018,truck_5_4
MISTER DONUT MANGGAHAN PLANT,MD VICTORY LINER CUBAO,box0409,4,525,15,TRUE,15,5/1/2018,truck_4_4
MISTER DONUT MANGGAHAN PLANT,SHELL IVANSON,box0576,4,537,1,TRUE,1,5/1/2018,truck_4_4
MISTER DONUT MANGGAHAN PLANT,ZAPP PROJECT 4,box0577,4,537,2,TRUE,2,5/1/2018,truck_2_4
MISTER DONUT MANGGAHAN PLANT,ZAPP TITA STORE/NOEL AND VANGIE,box0474,4,530,2,TRUE,2,5/1/2018,truck_3_4
MISTER DONUT MANGGAHAN PLANT,7-11 ANGONO 2,box0016,5,511,3,TRUE,3,5/1/2018,truck_1_5
MISTER DONUT MANGGAHAN PLANT,7-11 ST1130 BINANGONAN 4,box0017,5,511,3,TRUE,3,5/1/2018,truck_1_5
MISTER DONUT MANGGAHAN PLANT,7-11 ST1242 ANGONO 4,box0014,5,511,2,TRUE,2,5/1/2018,truck_1_5
MISTER DONUT MANGGAHAN PLANT,7-11 ST1831 CPI ANGONO,box0012,5,511,3,TRUE,3,5/1/2018,truck_1_5
MISTER DONUT MANGGAHAN PLANT,7-11 ST194 ANGONO,box0015,5,511,2,TRUE,2,5/1/2018,truck_1_5
MISTER DONUT MANGGAHAN PLANT,7-11 ST922 ANGONO MEDICS,box0013,5,511,2,TRUE,2,5/1/2018,truck_1_5
MISTER DONUT MANGGAHAN PLANT,MD PARCO ANGONO,box0352,5,522,5,TRUE,5,5/1/2018,truck_1_5
MISTER DONUT MANGGAHAN PLANT,MD QUEZON AVE. ANGONO RIZAL,box0380,5,523,5,TRUE,5,5/1/2018,truck_1_5
MISTER DONUT MANGGAHAN PLANT,SMFA BINANGONAN TAYUMAN,box0379,5,523,1,TRUE,1,5/1/2018,truck_1_5
MISTER DONUT MANGGAHAN PLANT,Zapp Macmel Store Teresa,box0366,5,522,2,TRUE,2,5/1/2018,truck_1_5
MISTER DONUT MANGGAHAN PLANT,7-11 ANTIPOLO 1,box0031,6,511,2,TRUE,2,5/1/2018,truck_1_6
MISTER DONUT MANGGAHAN PLANT,7-11 ST1881 ANTIPOLO CIRCLE,box0030,6,511,2,TRUE,2,5/1/2018,truck_1_6
MISTER DONUT MANGGAHAN PLANT,7-11 ST2381 MARIGMAN ANTIPOLO,box0032,6,511,2,TRUE,2,5/1/2018,truck_1_6
MISTER DONUT MANGGAHAN PLANT,7-11 ST2413 ANTIPOLO 3 - DALIG,box0033,6,511,2,TRUE,2,5/1/2018,truck_1_6
MISTER DONUT MANGGAHAN PLANT,7-11 ST2413 DALIG ANTIPOLO,box0027,6,511,2,TRUE,2,5/1/2018,truck_1_6
MISTER DONUT MANGGAHAN PLANT,7-11 ST2463 MAIA ALTA,box0028,6,511,4,TRUE,4,5/1/2018,truck_1_6
MISTER DONUT MANGGAHAN PLANT,7-11 ST2522 TAKTAK ANTIPOLO,box0036,6,511,3,TRUE,3,5/1/2018,truck_1_6
MISTER DONUT MANGGAHAN PLANT,7-11 ST2678 EMPRESS ANTIPOLO,box0035,6,511,4,TRUE,4,5/1/2018,truck_1_6
MISTER DONUT MANGGAHAN PLANT,7-11 ST75 ANTIPOLO CHURCH,box0034,6,511,2,TRUE,2,5/1/2018,truck_1_6
MISTER DONUT MANGGAHAN PLANT,7-11 ST995 PINES CITY,box0029,6,511,2,TRUE,2,5/1/2018,truck_1_6
MISTER DONUT MANGGAHAN PLANT,MD COGEO TOWN PLAZA 2,box0706,6,548,11,TRUE,11,5/1/2018,truck_1_6
MISTER DONUT MANGGAHAN PLANT,MD EASTMART ANTIPOLO,box0708,6,548,9,TRUE,9,5/1/2018,truck_1_6
MISTER DONUT MANGGAHAN PLANT,MD GEMS ANTIPOLO,box0709,6,548,8,TRUE,8,5/1/2018,truck_1_6
MISTER DONUT MANGGAHAN PLANT,MD M.L. QUEZON ANTIPOLO,box0710,6,548,23,TRUE,23,5/1/2018,truck_1_6
MISTER DONUT MANGGAHAN PLANT,MD ROBINSONS ANTIPOLO,box0711,6,548,14,TRUE,14,5/1/2018,truck_1_6
MISTER DONUT MANGGAHAN PLANT,MD VICTORY ANTIPOLO,box0712,6,548,16,TRUE,16,5/1/2018,truck_1_6
MISTER DONUT MANGGAHAN PLANT,MRCM ENTERPRISES,box0707,6,548,1,TRUE,1,5/1/2018,truck_1_6
MISTER DONUT MANGGAHAN PLANT,Zapp Mary Store Antipolo,box0367,6,522,3,TRUE,3,5/1/2018,truck_1_6
MISTER DONUT MANGGAHAN PLANT,7-11 BAGONG ILOG,box0562,7,536,5,TRUE,5,5/1/2018,truck_1_7
MISTER DONUT MANGGAHAN PLANT,7-11 C. RAYMUNDO,box0133,7,515,3,TRUE,3,5/1/2018,truck_1_7
MISTER DONUT MANGGAHAN PLANT,7-11 LIFE HOMES,box0127,7,515,4,TRUE,4,5/1/2018,truck_1_7
MISTER DONUT MANGGAHAN PLANT,7-11 MERCEDES AVENUE,box0136,7,515,2,TRUE,2,5/1/2018,truck_1_7
MISTER DONUT MANGGAHAN PLANT,7-11 ROSARIO 2,box0128,7,515,1,TRUE,1,5/1/2018,truck_1_7
MISTER DONUT MANGGAHAN PLANT,7-11 SAGAD PASIG,box0137,7,515,5,TRUE,5,5/1/2018,truck_1_7
MISTER DONUT MANGGAHAN PLANT,7-11 SIXTO A AVE,box0132,7,515,4,TRUE,4,5/1/2018,truck_1_7
MISTER DONUT MANGGAHAN PLANT,7-11 ST1193 SIXTO AVENUE,box0131,7,515,2,TRUE,2,5/1/2018,truck_1_7
MISTER DONUT MANGGAHAN PLANT,7-11 ST1262 CPI C5 UGONG,box0144,7,515,2,TRUE,2,5/1/2018,truck_1_7
MISTER DONUT MANGGAHAN PLANT,7-11 ST1555 CPI C. RAYMUNDO,box0130,7,515,4,TRUE,4,5/1/2018,truck_1_7
MISTER DONUT MANGGAHAN PLANT,7-11 ST1763 PHOENIX AMANG RODRIGUEZ,box0124,7,515,3,TRUE,3,5/1/2018,truck_1_7
MISTER DONUT MANGGAHAN PLANT,7-11 ST1783 PASIG CHURCH,box0142,7,515,1,TRUE,1,5/1/2018,truck_1_7
MISTER DONUT MANGGAHAN PLANT,7-11 ST1986 EVERGREEN,box0135,7,515,1,TRUE,1,5/1/2018,truck_1_7
MISTER DONUT MANGGAHAN PLANT,7-11 ST2100 F. MANALO PASIG,box0141,7,515,2,TRUE,2,5/1/2018,truck_1_7
MISTER DONUT MANGGAHAN PLANT,7-11 ST2165 THE GROVE ROCKWELL,box0565,7,536,1,TRUE,1,5/1/2018,truck_1_7
MISTER DONUT MANGGAHAN PLANT,7-11 ST2245 SORRENTO,box0129,7,515,3,TRUE,3,5/1/2018,truck_1_7
MISTER DONUT MANGGAHAN PLANT,7-11 ST2320 DE CASTRO PASIG,box0126,7,515,3,TRUE,3,5/1/2018,truck_1_7
MISTER DONUT MANGGAHAN PLANT,7-11 ST2321 SACRED HEART PASIG,box0134,7,515,3,TRUE,3,5/1/2018,truck_1_7
MISTER DONUT MANGGAHAN PLANT,7-11 ST76 SIXTO ANTONIO,box0138,7,515,4,TRUE,4,5/1/2018,truck_1_7
MISTER DONUT MANGGAHAN PLANT,7-11 ST802 MARKET AVENUE,box0140,7,515,4,TRUE,4,5/1/2018,truck_1_7
MISTER DONUT MANGGAHAN PLANT,"CJ FERNANDEZ ENT, SHELL OASIS",box0566,7,536,1,TRUE,1,5/1/2018,truck_1_7
MISTER DONUT MANGGAHAN PLANT,LAWSON - HAMPTON,box0560,7,536,2,TRUE,2,5/1/2018,truck_1_7
MISTER DONUT MANGGAHAN PLANT,MD ALFONSO SUPERMARKET,box0559,7,536,12,TRUE,12,5/1/2018,truck_1_7
MISTER DONUT MANGGAHAN PLANT,MD MMI BLDG PASIG ROTONDA,box0660,7,543,5,TRUE,5,5/1/2018,truck_1_7
MISTER DONUT MANGGAHAN PLANT,PETRON TREATS VALLE VERDE,box0564,7,536,1,TRUE,1,5/1/2018,truck_1_7
MISTER DONUT MANGGAHAN PLANT,SH C5 VALLE VERDE,box0563,7,536,1,TRUE,1,5/1/2018,truck_1_7
MISTER DONUT MANGGAHAN PLANT,SH DE CASTRO,box0574,7,536,2,TRUE,2,5/1/2018,truck_1_7
MISTER DONUT MANGGAHAN PLANT,SMFA ONE OASIS (CARL MICHAEL),box0558,7,536,2,TRUE,2,5/1/2018,truck_1_7
MISTER DONUT MANGGAHAN PLANT,ZAPP MAXIMO,box0561,7,536,3,TRUE,3,5/1/2018,truck_1_7
MISTER DONUT MANGGAHAN PLANT,7-11 BEL AIR SOHO,box0085,8,514,1,TRUE,1,5/1/2018,truck_1_8
MISTER DONUT MANGGAHAN PLANT,7-11 INSULAR BAKERY,box0088,8,514,4,TRUE,4,5/1/2018,truck_1_8
MISTER DONUT MANGGAHAN PLANT,7-11 MAKATI AVENUE,box0094,8,514,2,TRUE,2,5/1/2018,truck_1_8
MISTER DONUT MANGGAHAN PLANT,7-11 N GARCIA,box0096,8,514,3,TRUE,3,5/1/2018,truck_1_8
MISTER DONUT MANGGAHAN PLANT,7-11 SM CYBER 1,box0083,8,514,2,TRUE,2,5/1/2018,truck_1_8
MISTER DONUT MANGGAHAN PLANT,7-11 SM CYBER TWO,box0082,8,514,2,TRUE,2,5/1/2018,truck_1_8
MISTER DONUT MANGGAHAN PLANT,7-11 ST1077 E. LUXURY ONE,box0089,8,514,3,TRUE,3,5/1/2018,truck_1_8
MISTER DONUT MANGGAHAN PLANT,7-11 ST1168 ACT TOWER,box0099,8,514,1,TRUE,1,5/1/2018,truck_1_8
MISTER DONUT MANGGAHAN PLANT,7-11 ST1224 V. CORPORATE CTR.,box0103,8,514,2,TRUE,2,5/1/2018,truck_1_8
MISTER DONUT MANGGAHAN PLANT,7-11 ST1238 MPT SUITES,box0087,8,514,1,TRUE,1,5/1/2018,truck_1_8
MISTER DONUT MANGGAHAN PLANT,7-11 ST1298 CEO FIATS,box0081,8,514,2,TRUE,2,5/1/2018,truck_1_8
MISTER DONUT MANGGAHAN PLANT,7-11 ST1848 KNIGHTS BRIDGE,box0091,8,514,3,TRUE,3,5/1/2018,truck_1_8
MISTER DONUT MANGGAHAN PLANT,7-11 ST187 VIRRA 1,box0086,8,514,3,TRUE,3,5/1/2018,truck_1_8
MISTER DONUT MANGGAHAN PLANT,7-11 ST2131 SALAMANCA,box0092,8,514,2,TRUE,2,5/1/2018,truck_1_8
MISTER DONUT MANGGAHAN PLANT,7-11 ST2143 JUPITER 2,box0095,8,514,3,TRUE,3,5/1/2018,truck_1_8
MISTER DONUT MANGGAHAN PLANT,7-11 ST2315 LOURDES SUITES,box0093,8,514,1,TRUE,1,5/1/2018,truck_1_8
MISTER DONUT MANGGAHAN PLANT,7-11 ST278 SAGUITARIUS,box0098,8,514,3,TRUE,3,5/1/2018,truck_1_8
MISTER DONUT MANGGAHAN PLANT,7-11 ST745 ANTEL SPA RESIDENCES,box0090,8,514,2,TRUE,2,5/1/2018,truck_1_8
MISTER DONUT MANGGAHAN PLANT,7-11 ST869 FINMAN CENTRE,box0102,8,514,1,TRUE,1,5/1/2018,truck_1_8
MISTER DONUT MANGGAHAN PLANT,7-11 TROPICAL,box0084,8,514,2,TRUE,2,5/1/2018,truck_1_8
MISTER DONUT MANGGAHAN PLANT,ENERCON FUEL SERVICES IN,box0500,8,532,1,TRUE,1,5/1/2018,truck_1_8
MISTER DONUT MANGGAHAN PLANT,MD PUREGOLD MAKATI,box0462,8,529,11,TRUE,11,5/1/2018,truck_1_8
MISTER DONUT MANGGAHAN PLANT,MD SSG SUPERMARKET-STA.ANA,box0631,8,540,8,TRUE,8,5/1/2018,truck_1_8
MISTER DONUT MANGGAHAN PLANT,7-11 BETTERLIVING 3,box0320,9,520,1,TRUE,1,5/1/2018,truck_3_9
MISTER DONUT MANGGAHAN PLANT,7-11 BETTERLIVING 4,box0321,9,520,1,TRUE,1,5/1/2018,truck_4_9
MISTER DONUT MANGGAHAN PLANT,7-11 ST105 LOWER BICUTAN,box0611,9,539,5,TRUE,5,5/1/2018,truck_1_9
MISTER DONUT MANGGAHAN PLANT,7-11 ST1068 CALTEX FTI,box0608,9,539,3,TRUE,3,5/1/2018,truck_4_9
MISTER DONUT MANGGAHAN PLANT,7-11 ST1879 ACSIE,box0618,9,539,1,TRUE,1,5/1/2018,truck_1_9
MISTER DONUT MANGGAHAN PLANT,7-11 ST2038 CPI WEST SROAD,box0620,9,539,2,TRUE,2,5/1/2018,truck_1_9
MISTER DONUT MANGGAHAN PLANT,7-11 ST2211 CENTRAL BICUTAN,box0614,9,539,7,TRUE,7,5/1/2018,truck_3_9
MISTER DONUT MANGGAHAN PLANT,7-11 ST2292 EDISON AVE.,box0318,9,520,5,TRUE,5,5/1/2018,truck_4_9
MISTER DONUT MANGGAHAN PLANT,7-11 ST234 LA HUERTA,box0597,9,538,7,TRUE,7,5/1/2018,truck_2_9
MISTER DONUT MANGGAHAN PLANT,7-11 ST243 MERVILLE,box0317,9,520,6,TRUE,6,5/1/2018,truck_4_9
MISTER DONUT MANGGAHAN PLANT,7-11 ST2482 MANUYO UNO,box0598,9,538,4,TRUE,4,5/1/2018,truck_2_9
MISTER DONUT MANGGAHAN PLANT,7-11 ST2541 CASA DE SEQUOIA,box0599,9,538,2,TRUE,2,5/1/2018,truck_2_9
MISTER DONUT MANGGAHAN PLANT,7-11 ST2613 TANYAG TAGUIG,box0617,9,539,4,TRUE,4,5/1/2018,truck_1_9
MISTER DONUT MANGGAHAN PLANT,7-11 ST2650 AMAIA BICUTAN,box0319,9,520,7,TRUE,7,5/1/2018,truck_1_9
MISTER DONUT MANGGAHAN PLANT,7-11 ST80 MARCELO (BICUTAN),box0619,9,539,6,TRUE,6,5/1/2018,truck_1_9
MISTER DONUT MANGGAHAN PLANT,7-11 ST841 UNITED PARANAQUE 2,box0615,9,539,3,TRUE,3,5/1/2018,truck_1_9
MISTER DONUT MANGGAHAN PLANT,BUDGET MART SIGNAL,box0613,9,539,4,TRUE,4,5/1/2018,truck_3_9
MISTER DONUT MANGGAHAN PLANT,MD AMB MULTINATIONAL,box0345,9,521,11,TRUE,11,5/1/2018,truck_4_9
MISTER DONUT MANGGAHAN PLANT,MD ATIN ITO NAIA 1,box0336,9,521,6,TRUE,6,5/1/2018,truck_2_9
MISTER DONUT MANGGAHAN PLANT,MD BF RESORT LAS PINAS,box0602,9,538,11,TRUE,11,5/1/2018,truck_4_9
MISTER DONUT MANGGAHAN PLANT,MD BICUTAN TERMINAL,box0625,9,539,15,TRUE,15,5/1/2018,truck_1_9
MISTER DONUT MANGGAHAN PLANT,MD FTI TERMINAL,box0609,9,539,28,TRUE,28,5/1/2018,truck_1_9
MISTER DONUT MANGGAHAN PLANT,MD LOZADA PUBLIC MARKET,box0604,9,538,55,TRUE,55,5/1/2018,truck_4_9
MISTER DONUT MANGGAHAN PLANT,MD MARCOS ALVAREZ,box0605,9,538,8,TRUE,8,5/1/2018,truck_4_9
MISTER DONUT MANGGAHAN PLANT,MD PNR BICUTAN,box0616,9,539,4,TRUE,4,5/1/2018,truck_1_9
MISTER DONUT MANGGAHAN PLANT,MD PNR FTI,box0607,9,539,4,TRUE,4,5/1/2018,truck_2_9
MISTER DONUT MANGGAHAN PLANT,MD PUREGOLD PARANAQUE,box0348,9,521,9,TRUE,9,5/1/2018,truck_4_9
MISTER DONUT MANGGAHAN PLANT,"MD SHOP, SM BICUTAN",box0626,9,539,27,TRUE,27,5/1/2018,truck_3_9
MISTER DONUT MANGGAHAN PLANT,SH C5 FORT TAGUIG,box0606,9,539,1,TRUE,1,5/1/2018,truck_4_9
MISTER DONUT MANGGAHAN PLANT,SH DONA SOLEDAD,box0622,9,539,1,TRUE,1,5/1/2018,truck_4_9
MISTER DONUT MANGGAHAN PLANT,SH NAGA ROAD PULANG LUPA,box0601,9,538,1,TRUE,1,5/1/2018,truck_4_9
MISTER DONUT MANGGAHAN PLANT,SMFA DONA SOLEDAD,box0621,9,539,1,TRUE,1,5/1/2018,truck_4_9
MISTER DONUT MANGGAHAN PLANT,Zapp Better Aid Paranaque,box0623,9,539,1,TRUE,1,5/1/2018,truck_3_9
MISTER DONUT MANGGAHAN PLANT,ZAPP DE ZAPOTE RD LP,box0603,9,538,1,TRUE,1,5/1/2018,truck_4_9
MISTER DONUT MANGGAHAN PLANT,ZAPP HERBS ST TAGUIG,box0610,9,539,3,TRUE,3,5/1/2018,truck_1_9
MISTER DONUT MANGGAHAN PLANT,ZAPP MONSTER LUGAW,box0489,9,531,1,TRUE,1,5/1/2018,truck_4_9
MISTER DONUT MANGGAHAN PLANT,ZAPP OBAMOS LP,box0600,9,538,1,TRUE,1,5/1/2018,truck_2_9
MISTER DONUT MANGGAHAN PLANT,ZAPP PAG ASA TAGUIG,box0488,9,531,2,TRUE,2,5/1/2018,truck_3_9
MISTER DONUT MANGGAHAN PLANT,ZAPP SLT ALDANA,box0347,9,521,2,TRUE,2,5/1/2018,truck_2_9
MISTER DONUT MANGGAHAN PLANT,ZAPP SLT MIRDC CANTEEN TAGUIG,box0624,9,539,1,TRUE,1,5/1/2018,truck_1_9
MISTER DONUT MANGGAHAN PLANT,ZAPP TCU 2,box0612,9,539,2,TRUE,2,5/1/2018,truck_3_9
MISTER DONUT MANGGAHAN PLANT,7-11 BINONDO,box0219,10,517,3,TRUE,3,5/1/2018,truck_2_10
MISTER DONUT MANGGAHAN PLANT,7-11 BURKE QUINTIN PAREDES,box0217,10,517,2,TRUE,2,5/1/2018,truck_3_10
MISTER DONUT MANGGAHAN PLANT,7-11 EARNSHAW (401 BLDG),box0181,10,516,1,TRUE,1,5/1/2018,truck_3_10
MISTER DONUT MANGGAHAN PLANT,7-11 ESCOLTA TWIN TOWERS ST1527,box0215,10,517,1,TRUE,1,5/1/2018,truck_3_10
MISTER DONUT MANGGAHAN PLANT,7-11 ESPANA GRAND,box0524,10,533,1,TRUE,1,5/1/2018,truck_3_10
MISTER DONUT MANGGAHAN PLANT,7-11 ETON BAYPARK MANILA ST1416,box0164,10,516,2,TRUE,2,5/1/2018,truck_4_10
MISTER DONUT MANGGAHAN PLANT,7-11 G. TUAZON 3,box0188,10,516,2,TRUE,2,5/1/2018,truck_1_10
MISTER DONUT MANGGAHAN PLANT,7-11 GASTAMBIDE,box0180,10,516,1,TRUE,1,5/1/2018,truck_1_10
MISTER DONUT MANGGAHAN PLANT,7-11 GRAND RIVIERA SUITES ST1422,box0160,10,516,2,TRUE,2,5/1/2018,truck_1_10
MISTER DONUT MANGGAHAN PLANT,7-11 ISABELLE DE HIDALGO,box0514,10,533,3,TRUE,3,5/1/2018,truck_4_10
MISTER DONUT MANGGAHAN PLANT,7-11 JUAN LUNA ST1501,box0223,10,517,3,TRUE,3,5/1/2018,truck_2_10
MISTER DONUT MANGGAHAN PLANT,7-11 LEGARDA ARLEGUI ST1481,box0174,10,516,3,TRUE,3,5/1/2018,truck_1_10
MISTER DONUT MANGGAHAN PLANT,7-11 LETRAN 2,box0469,10,529,3,TRUE,3,5/1/2018,truck_4_10
MISTER DONUT MANGGAHAN PLANT,7-11 LYCEUM(EX-MARITIME AGENCY,box0468,10,529,1,TRUE,1,5/1/2018,truck_4_10
MISTER DONUT MANGGAHAN PLANT,7-11 MANILA EXECUTIVE REGENCY,box0193,10,516,1,TRUE,1,5/1/2018,truck_4_10
MISTER DONUT MANGGAHAN PLANT,7-11 MAYFAIR TOWER,box0165,10,516,1,TRUE,1,5/1/2018,truck_4_10
MISTER DONUT MANGGAHAN PLANT,7-11 MH DEL PILAR,box0162,10,516,2,TRUE,2,5/1/2018,truck_1_10
MISTER DONUT MANGGAHAN PLANT,7-11 NATIONAL UNIVERSITY,box0183,10,516,2,TRUE,2,5/1/2018,truck_1_10
MISTER DONUT MANGGAHAN PLANT,7-11 OROSA,box0167,10,516,3,TRUE,3,5/1/2018,truck_2_10
MISTER DONUT MANGGAHAN PLANT,7-11 PORT AREA - PTT CONV,box0465,10,529,2,TRUE,2,5/1/2018,truck_2_10
MISTER DONUT MANGGAHAN PLANT,7-11 R PAPA,box0515,10,533,1,TRUE,1,5/1/2018,truck_3_10
MISTER DONUT MANGGAHAN PLANT,7-11 RESIDENCIA REAL ST1489,box0466,10,529,1,TRUE,1,5/1/2018,truck_4_10
MISTER DONUT MANGGAHAN PLANT,7-11 RIVERVIEW MANSION ST1528,box0216,10,517,1,TRUE,1,5/1/2018,truck_1_10
MISTER DONUT MANGGAHAN PLANT,7-11 SAN BEDA,box0176,10,516,1,TRUE,1,5/1/2018,truck_4_10
MISTER DONUT MANGGAHAN PLANT,7-11 SOTTO (EX MS),box0168,10,516,3,TRUE,3,5/1/2018,truck_4_10
MISTER DONUT MANGGAHAN PLANT,7-11 ST1137 CINTELEY,box0225,10,517,4,TRUE,4,5/1/2018,truck_1_10
MISTER DONUT MANGGAHAN PLANT,7-11 ST1176 BUSTOS (STA. CRUZ),box0214,10,517,1,TRUE,1,5/1/2018,truck_1_10
MISTER DONUT MANGGAHAN PLANT,7-11 ST1248 P. NOVAL,box0525,10,533,2,TRUE,2,5/1/2018,truck_2_10
MISTER DONUT MANGGAHAN PLANT,7-11 ST1290 NATIVIDAD LOPEZ,box0170,10,516,4,TRUE,4,5/1/2018,truck_4_10
MISTER DONUT MANGGAHAN PLANT,7-11 ST1336 FEU PAREDES,box0516,10,533,2,TRUE,2,5/1/2018,truck_3_10
MISTER DONUT MANGGAHAN PLANT,7-11 ST1543 JT CENTRALE FUGOSO,box0206,10,517,2,TRUE,2,5/1/2018,truck_2_10
MISTER DONUT MANGGAHAN PLANT,7-11 ST1560 ONE GRAND CENTRE,box0521,10,533,1,TRUE,1,5/1/2018,truck_1_10
MISTER DONUT MANGGAHAN PLANT,7-11 ST1570 BF CONDO (INTRAMUROS),box0470,10,529,2,TRUE,2,5/1/2018,truck_2_10
MISTER DONUT MANGGAHAN PLANT,7-11 ST1599 ONGPIN 2,box0218,10,517,2,TRUE,2,5/1/2018,truck_1_10
MISTER DONUT MANGGAHAN PLANT,7-11 ST1630 MARIA OROSA 2,box0194,10,516,1,TRUE,1,5/1/2018,truck_4_10
MISTER DONUT MANGGAHAN PLANT,7-11 ST1634 MARY JOHNSTON,box0230,10,517,4,TRUE,4,5/1/2018,truck_2_10
MISTER DONUT MANGGAHAN PLANT,7-11 ST168 KIMMEE,box0166,10,516,3,TRUE,3,5/1/2018,truck_1_10
MISTER DONUT MANGGAHAN PLANT,7-11 ST1682 BUSTILLOS,box0182,10,516,2,TRUE,2,5/1/2018,truck_3_10
MISTER DONUT MANGGAHAN PLANT,7-11 ST1799 NUMANCIA,box0220,10,517,6,TRUE,6,5/1/2018,truck_2_10
MISTER DONUT MANGGAHAN PLANT,7-11 ST1819 BILIBID VIEJO,box0513,10,533,3,TRUE,3,5/1/2018,truck_1_10
MISTER DONUT MANGGAHAN PLANT,7-11 ST1841 MARIA OROSA 3,box0195,10,516,3,TRUE,3,5/1/2018,truck_1_10
MISTER DONUT MANGGAHAN PLANT,7-11 ST1925 D. JOSE 2,box0211,10,517,2,TRUE,2,5/1/2018,truck_1_10
MISTER DONUT MANGGAHAN PLANT,7-11 ST1925 DOROTEO JOSE,box0210,10,517,4,TRUE,4,5/1/2018,truck_3_10
MISTER DONUT MANGGAHAN PLANT,7-11 ST2183 STO CRISTO RECTO,box0222,10,517,6,TRUE,6,5/1/2018,truck_2_10
MISTER DONUT MANGGAHAN PLANT,7-11 ST219 P. CAMPA,box0518,10,533,1,TRUE,1,5/1/2018,truck_1_10
MISTER DONUT MANGGAHAN PLANT,7-11 ST2217 PAORE FAURA 2,box0196,10,516,2,TRUE,2,5/1/2018,truck_2_10
MISTER DONUT MANGGAHAN PLANT,7-11 ST2226 MABINI 3,box0161,10,516,1,TRUE,1,5/1/2018,truck_4_10
MISTER DONUT MANGGAHAN PLANT,7-11 ST226 LEGARDA,box0175,10,516,4,TRUE,4,5/1/2018,truck_3_10
MISTER DONUT MANGGAHAN PLANT,7-11 ST2349 P CAMPA 2,box0526,10,533,3,TRUE,3,5/1/2018,truck_1_10
MISTER DONUT MANGGAHAN PLANT,7-11 ST239 PARK AND RIDE,box0172,10,516,3,TRUE,3,5/1/2018,truck_1_10
MISTER DONUT MANGGAHAN PLANT,7-11 ST2418 MORET,box0520,10,533,2,TRUE,2,5/1/2018,truck_2_10
MISTER DONUT MANGGAHAN PLANT,7-11 ST2563 CAYCO,box0184,10,516,2,TRUE,2,5/1/2018,truck_1_10
MISTER DONUT MANGGAHAN PLANT,7-11 ST2616 I PACIFIC RESIDENCES,box0221,10,517,3,TRUE,3,5/1/2018,truck_3_10
MISTER DONUT MANGGAHAN PLANT,7-11 ST2634 DELPAN,box0232,10,517,6,TRUE,6,5/1/2018,truck_2_10
MISTER DONUT MANGGAHAN PLANT,7-11 ST275 FEU MORAYTA,box0517,10,533,1,TRUE,1,5/1/2018,truck_1_10
MISTER DONUT MANGGAHAN PLANT,7-11 ST295 KINGS PLAZA,box0234,10,517,4,TRUE,4,5/1/2018,truck_2_10
MISTER DONUT MANGGAHAN PLANT,7-11 ST312 US EMBASSY,box0163,10,516,1,TRUE,1,5/1/2018,truck_4_10
MISTER DONUT MANGGAHAN PLANT,7-11 ST332 LEGARDA 2,box0178,10,516,3,TRUE,3,5/1/2018,truck_1_10
MISTER DONUT MANGGAHAN PLANT,7-11 ST334 OWWA 2,box0467,10,529,4,TRUE,4,5/1/2018,truck_2_10
MISTER DONUT MANGGAHAN PLANT,7-11 ST336 PADRE FAURA,box0192,10,516,2,TRUE,2,5/1/2018,truck_2_10
MISTER DONUT MANGGAHAN PLANT,7-11 ST362 T. MAPUA,box0212,10,517,2,TRUE,2,5/1/2018,truck_1_10
MISTER DONUT MANGGAHAN PLANT,7-11 ST4 NAGTAHAN,box0177,10,516,1,TRUE,1,5/1/2018,truck_1_10
MISTER DONUT MANGGAHAN PLANT,7-11 ST458 SAN MARCELINO,box0173,10,516,2,TRUE,2,5/1/2018,truck_4_10
MISTER DONUT MANGGAHAN PLANT,7-11 ST770 MANILA CITY HALL,box0171,10,516,2,TRUE,2,5/1/2018,truck_1_10
MISTER DONUT MANGGAHAN PLANT,7-11 ST8 ADRIATICO,box0191,10,516,2,TRUE,2,5/1/2018,truck_1_10
MISTER DONUT MANGGAHAN PLANT,7-11 ST821 CITYPLACE SQUARE BINONDO,box0224,10,517,2,TRUE,2,5/1/2018,truck_3_10
MISTER DONUT MANGGAHAN PLANT,7-11 ST860 ASUNCION,box0231,10,517,2,TRUE,2,5/1/2018,truck_2_10
MISTER DONUT MANGGAHAN PLANT,7-11 ST884 GALICIA,box0519,10,533,2,TRUE,2,5/1/2018,truck_3_10
MISTER DONUT MANGGAHAN PLANT,7-11 ST98 YLAYA,box0233,10,517,4,TRUE,4,5/1/2018,truck_2_10
MISTER DONUT MANGGAHAN PLANT,7-11 ST987 FERLAW,box0471,10,529,3,TRUE,3,5/1/2018,truck_1_10
MISTER DONUT MANGGAHAN PLANT,7-11 ST988 MS ONGPIN,box0213,10,517,2,TRUE,2,5/1/2018,truck_1_10
MISTER DONUT MANGGAHAN PLANT,7-11 UN AVENUE,box0169,10,516,2,TRUE,2,5/1/2018,truck_4_10
MISTER DONUT MANGGAHAN PLANT,7-11 UNIVERSITY OF MANILA ST1513,box0179,10,516,2,TRUE,2,5/1/2018,truck_3_10
MISTER DONUT MANGGAHAN PLANT,LAWSON - LEGARDA,box0418,10,526,1,TRUE,1,5/1/2018,truck_3_10
MISTER DONUT MANGGAHAN PLANT,MD GRAND MANILA OPERA HOTEL,box0539,10,533,14,TRUE,14,5/1/2018,truck_1_10
MISTER DONUT MANGGAHAN PLANT,MD ISETTAN CARRIEDO,box0428,10,526,12,TRUE,12,5/1/2018,truck_2_10
MISTER DONUT MANGGAHAN PLANT,MD LRT 2 RECTO 3RD FLOOR,box0425,10,526,13,TRUE,13,5/1/2018,truck_3_10
MISTER DONUT MANGGAHAN PLANT,MD LRT DOROTEO JOSE NORTH BOUND,box0426,10,526,12,TRUE,12,5/1/2018,truck_1_10
MISTER DONUT MANGGAHAN PLANT,MD LRT DOROTEO JOSE SOUTH BOUND,box0427,10,526,5,TRUE,5,5/1/2018,truck_3_10
MISTER DONUT MANGGAHAN PLANT,MD LRT PEDRO GIL SOUTH BOUND,box0463,10,529,7,TRUE,7,5/1/2018,truck_2_10
MISTER DONUT MANGGAHAN PLANT,MD NORTH PORT,box0421,10,526,5,TRUE,5,5/1/2018,truck_2_10
MISTER DONUT MANGGAHAN PLANT,MD ROBINSONS MANILA,box0473,10,529,14,TRUE,14,5/1/2018,truck_3_10
MISTER DONUT MANGGAHAN PLANT,MD SAVEMORE NAGTAHAN,box0429,10,526,13,TRUE,13,5/1/2018,truck_4_10
MISTER DONUT MANGGAHAN PLANT,MD SM MANILA LGF,box0472,10,529,18,TRUE,18,5/1/2018,truck_4_10
MISTER DONUT MANGGAHAN PLANT,MD TUTUBAN CENTER,box0430,10,526,27,TRUE,27,5/1/2018,truck_3_10
MISTER DONUT MANGGAHAN PLANT,SH UNITED NATIONS PEREZ COSS,box0464,10,529,3,TRUE,3,5/1/2018,truck_2_10
MISTER DONUT MANGGAHAN PLANT,SPE LIANAS EARNSHAW,box0431,10,526,9,TRUE,9,5/1/2018,truck_1_10
MISTER DONUT MANGGAHAN PLANT,ZAPP EMMIE ALVIN  STORE SEVILLA,box0423,10,526,1,TRUE,1,5/1/2018,truck_2_10
MISTER DONUT MANGGAHAN PLANT,ZAPP LAKANDULA,box0422,10,526,1,TRUE,1,5/1/2018,truck_2_10
MISTER DONUT MANGGAHAN PLANT,Zapp SLT Divisoria Mall Manila,box0424,10,526,1,TRUE,1,5/1/2018,truck_3_10
MISTER DONUT MANGGAHAN PLANT,7-11 BPO SAN LAZARO VORTEX 1,box0537,11,533,2,TRUE,2,5/1/2018,truck_1_11
MISTER DONUT MANGGAHAN PLANT,7-11 DAPITAN 2,box0528,11,533,1,TRUE,1,5/1/2018,truck_1_11
MISTER DONUT MANGGAHAN PLANT,7-11 MORIONES,box0229,11,517,5,TRUE,5,5/1/2018,truck_1_11
MISTER DONUT MANGGAHAN PLANT,7-11 ST101 BLUMENTRITT 2,box0531,11,533,4,TRUE,4,5/1/2018,truck_1_11
MISTER DONUT MANGGAHAN PLANT,7-11 ST102 HERMOSA,box0534,11,533,3,TRUE,3,5/1/2018,truck_1_11
MISTER DONUT MANGGAHAN PLANT,7-11 ST1112 MACEDA,box0061,11,513,2,TRUE,2,5/1/2018,truck_1_11
MISTER DONUT MANGGAHAN PLANT,7-11 ST1198 S.H. LOYOLA,box0185,11,516,2,TRUE,2,5/1/2018,truck_1_11
MISTER DONUT MANGGAHAN PLANT,7-11 ST1320 CPI TAYUMAN,box0208,11,517,2,TRUE,2,5/1/2018,truck_1_11
MISTER DONUT MANGGAHAN PLANT,7-11 ST1603 S.H. LOYOLA 2,box0186,11,516,2,TRUE,2,5/1/2018,truck_1_11
MISTER DONUT MANGGAHAN PLANT,7-11 ST2109 WINFORD HOTEL,box0538,11,533,1,TRUE,1,5/1/2018,truck_1_11
MISTER DONUT MANGGAHAN PLANT,7-11 ST22 RETIRO,box0530,11,533,3,TRUE,3,5/1/2018,truck_1_11
MISTER DONUT MANGGAHAN PLANT,7-11 ST2215 BAMBANG,box0207,11,517,4,TRUE,4,5/1/2018,truck_1_11
MISTER DONUT MANGGAHAN PLANT,7-11 ST2255 GAGALANGIN 2,box0227,11,517,4,TRUE,4,5/1/2018,truck_1_11
MISTER DONUT MANGGAHAN PLANT,7-11 ST2356 BLUMENTRITT 4,box0533,11,533,4,TRUE,4,5/1/2018,truck_1_11
MISTER DONUT MANGGAHAN PLANT,7-11 ST2404 ASTURIAS 2,box0527,11,533,1,TRUE,1,5/1/2018,truck_1_11
MISTER DONUT MANGGAHAN PLANT,7-11 ST2451 FAJARDO,box0187,11,516,3,TRUE,3,5/1/2018,truck_1_11
MISTER DONUT MANGGAHAN PLANT,7-11 ST2452 LACSON,box0522,11,533,2,TRUE,2,5/1/2018,truck_1_11
MISTER DONUT MANGGAHAN PLANT,7-11 ST2731 LTO TAYUMAN,box0536,11,533,5,TRUE,5,5/1/2018,truck_1_11
MISTER DONUT MANGGAHAN PLANT,7-11 ST2745 TAYUMAN 3,box0535,11,533,5,TRUE,5,5/1/2018,truck_1_11
MISTER DONUT MANGGAHAN PLANT,7-11 ST329 DANGWA,box0529,11,533,3,TRUE,3,5/1/2018,truck_1_11
MISTER DONUT MANGGAHAN PLANT,7-11 ST33 DAPITAN,box0062,11,513,3,TRUE,3,5/1/2018,truck_1_11
MISTER DONUT MANGGAHAN PLANT,7-11 ST378 BLUMENTRITT 1,box0532,11,533,5,TRUE,5,5/1/2018,truck_1_11
MISTER DONUT MANGGAHAN PLANT,7-11 ST45 GAGALANGIN (TONDO),box0226,11,517,5,TRUE,5,5/1/2018,truck_1_11
MISTER DONUT MANGGAHAN PLANT,7-11 ST782 SEAOIL PRITIL,box0228,11,517,2,TRUE,2,5/1/2018,truck_1_11
MISTER DONUT MANGGAHAN PLANT,7-11 ST835 BANAWE 2,box0063,11,513,2,TRUE,2,5/1/2018,truck_1_11
MISTER DONUT MANGGAHAN PLANT,7-11 ST86 TAYUMAN,box0209,11,517,4,TRUE,4,5/1/2018,truck_1_11
MISTER DONUT MANGGAHAN PLANT,MD PNR BLUMENTRITT,box0541,11,533,7,TRUE,7,5/1/2018,truck_1_11
MISTER DONUT MANGGAHAN PLANT,MD PUREGOLD TAYUMAN,box0540,11,533,11,TRUE,11,5/1/2018,truck_1_11
MISTER DONUT MANGGAHAN PLANT,MD SM SAN LAZARO,box0542,11,533,9,TRUE,9,5/1/2018,truck_1_11
MISTER DONUT MANGGAHAN PLANT,SH QUEZON AVE EDSA BOUND,box0477,11,530,1,TRUE,1,5/1/2018,truck_1_11
MISTER DONUT MANGGAHAN PLANT,ZAPP BRIELLE STORE,box0523,11,533,1,TRUE,1,5/1/2018,truck_1_11
MISTER DONUT MANGGAHAN PLANT,ZAPP DE CHESA,box0420,11,526,1,TRUE,1,5/1/2018,truck_1_11
MISTER DONUT MANGGAHAN PLANT,ZAPP DE PRITIL MARKET,box0419,11,526,2,TRUE,2,5/1/2018,truck_1_11
MISTER DONUT MANGGAHAN PLANT,ZAPP KAREN EATERY,box0584,11,537,1,TRUE,1,5/1/2018,truck_1_11
MISTER DONUT MANGGAHAN PLANT,7-11 CAINTA,box0001,12,511,2,TRUE,2,5/1/2018,truck_1_12
MISTER DONUT MANGGAHAN PLANT,7-11 ST126CAINTA PAROLA,box0004,12,511,2,TRUE,2,5/1/2018,truck_1_12
MISTER DONUT MANGGAHAN PLANT,7-11 ST1911 DON MARIANO,box0007,12,511,2,TRUE,2,5/1/2018,truck_1_12
MISTER DONUT MANGGAHAN PLANT,7-11 ST2147 MARICK CAINTA,box0002,12,511,2,TRUE,2,5/1/2018,truck_1_12
MISTER DONUT MANGGAHAN PLANT,7-11 ST2363 ESTRLLA CAINTA,box0005,12,511,2,TRUE,2,5/1/2018,truck_1_12
MISTER DONUT MANGGAHAN PLANT,7-11 ST2546 TRAMO PASIG,box0125,12,515,4,TRUE,4,5/1/2018,truck_1_12
MISTER DONUT MANGGAHAN PLANT,7-11 ST2655 CAINTA MUNICIPAL,box0003,12,511,2,TRUE,2,5/1/2018,truck_1_12
MISTER DONUT MANGGAHAN PLANT,MD CAINTA ARDI MALL,box0371,12,523,8,TRUE,8,5/1/2018,truck_1_12
MISTER DONUT MANGGAHAN PLANT,MD GREENLAND,box0372,12,523,8,TRUE,8,5/1/2018,truck_1_12
MISTER DONUT MANGGAHAN PLANT,MD MASINAG,box0705,12,548,10,TRUE,10,5/1/2018,truck_1_12
MISTER DONUT MANGGAHAN PLANT,MD ROBLOU PLACE CAINTA,box0375,12,523,7,TRUE,7,5/1/2018,truck_1_12
MISTER DONUT MANGGAHAN PLANT,"MD SHOP, SM MASINAG",box0714,12,548,16,TRUE,16,5/1/2018,truck_1_12
MISTER DONUT MANGGAHAN PLANT,SMFA CDV PETRON STATION,box0369,12,523,1,TRUE,1,5/1/2018,truck_1_12
MISTER DONUT MANGGAHAN PLANT,SMFA MAMBUGAN,box0713,12,548,1,TRUE,1,5/1/2018,truck_1_12
MISTER DONUT MANGGAHAN PLANT,Zapp Cainta Public Market,box0368,12,523,2,TRUE,2,5/1/2018,truck_1_12
MISTER DONUT MANGGAHAN PLANT,Zapp Wandelicious Diner Cainta Rizal,box0370,12,523,1,TRUE,1,5/1/2018,truck_1_12
MISTER DONUT MANGGAHAN PLANT,ZAPP Z LOG EASTBANK,box0659,12,543,2,TRUE,2,5/1/2018,truck_1_12
MISTER DONUT MANGGAHAN PLANT,7-11 CAPITOL DRIVE ST1451,box0235,13,518,3,TRUE,3,5/1/2018,truck_1_13
MISTER DONUT MANGGAHAN PLANT,7-11 ST1083 NEW ERA,box0237,13,518,4,TRUE,4,5/1/2018,truck_1_13
MISTER DONUT MANGGAHAN PLANT,7-11 ST1920 MAPAYAPA,box0263,13,518,4,TRUE,4,5/1/2018,truck_1_13
MISTER DONUT MANGGAHAN PLANT,7-11 ST1981 L-PASEO (UP DILIMAN),box0238,13,518,3,TRUE,3,5/1/2018,truck_1_13
MISTER DONUT MANGGAHAN PLANT,7-11 ST2385 PARAGON PLACE,box0239,13,518,1,TRUE,1,5/1/2018,truck_2_13
MISTER DONUT MANGGAHAN PLANT,7-11 ST2457 OLD SAUYO RD,box0544,13,535,2,TRUE,2,5/1/2018,truck_1_13
MISTER DONUT MANGGAHAN PLANT,7-11 ST797 OLD BALARA,box0236,13,518,3,TRUE,3,5/1/2018,truck_1_13
MISTER DONUT MANGGAHAN PLANT,MD BATASAN TERMINAL,box0384,13,524,20,TRUE,20,5/1/2018,truck_2_13
MISTER DONUT MANGGAHAN PLANT,MD BF SARI SARI STORE,box0435,13,527,8,TRUE,8,5/1/2018,truck_2_13
MISTER DONUT MANGGAHAN PLANT,MD E. SANTOS ST. MARIKINA,box0669,13,544,8,TRUE,8,5/1/2018,truck_1_13
MISTER DONUT MANGGAHAN PLANT,MD EVER COMMONWEALTH,box0645,13,541,12,TRUE,12,5/1/2018,truck_1_13
MISTER DONUT MANGGAHAN PLANT,MD EVER GOTESCO COMMONWEALTH,box0644,13,541,13,TRUE,13,5/1/2018,truck_1_13
MISTER DONUT MANGGAHAN PLANT,MD PUREGOLD COMMONWEALTH,box0643,13,541,9,TRUE,9,5/1/2018,truck_1_13
MISTER DONUT MANGGAHAN PLANT,MD SAVEMORE FERIA (FOOD BOOTH COR,box0383,13,524,8,TRUE,8,5/1/2018,truck_2_13
MISTER DONUT MANGGAHAN PLANT,MD TRO-SPE ACC BLDG. SSS VILLAGE,box0655,13,542,5,TRUE,5,5/1/2018,truck_2_13
MISTER DONUT MANGGAHAN PLANT,"PETROZONE OIL MARKETING, MARIKIN",box0671,13,544,1,TRUE,1,5/1/2018,truck_2_13
MISTER DONUT MANGGAHAN PLANT,SH CONGRESSIONAL EXT QC,box0436,13,527,1,TRUE,1,5/1/2018,truck_1_13
MISTER DONUT MANGGAHAN PLANT,SH DMMA FERIA NORTHBOUND,box0382,13,524,1,TRUE,1,5/1/2018,truck_2_13
MISTER DONUT MANGGAHAN PLANT,SH MINDANAO AVE,box0543,13,535,2,TRUE,2,5/1/2018,truck_1_13
MISTER DONUT MANGGAHAN PLANT,SMFA BAYAN BAYANAN,box0670,13,544,1,TRUE,1,5/1/2018,truck_1_13
MISTER DONUT MANGGAHAN PLANT,ZAPP CHAMPACA MARIKINA,box0654,13,542,1,TRUE,1,5/1/2018,truck_2_13
MISTER DONUT MANGGAHAN PLANT,ZAPP CUPANG,box0656,13,542,2,TRUE,2,5/1/2018,truck_2_13
MISTER DONUT MANGGAHAN PLANT,ZAPP MAGNOLIA PLACE,box0444,13,527,1,TRUE,1,5/1/2018,truck_1_13
MISTER DONUT MANGGAHAN PLANT,Zapp Nanay Yuning Store NEU QC,box0646,13,541,4,TRUE,4,5/1/2018,truck_1_13
MISTER DONUT MANGGAHAN PLANT,ZAPP VARIEGAT,box0437,13,527,1,TRUE,1,5/1/2018,truck_1_13
MISTER DONUT MANGGAHAN PLANT,7-11 CITY OIL FAIRVIEW,box0240,14,518,2,TRUE,2,5/1/2018,truck_1_14
MISTER DONUT MANGGAHAN PLANT,7-11 CPI REGALADO,box0241,14,518,2,TRUE,2,5/1/2018,truck_1_14
MISTER DONUT MANGGAHAN PLANT,7-11 JETTIE DAHLIA,box0264,14,518,1,TRUE,1,5/1/2018,truck_2_14
MISTER DONUT MANGGAHAN PLANT,7-11 SAUYO ST1452,box0545,14,535,4,TRUE,4,5/1/2018,truck_2_14
MISTER DONUT MANGGAHAN PLANT,7-11 ST1051 CALIFORNIA VILLAGE,box0251,14,518,3,TRUE,3,5/1/2018,truck_1_14
MISTER DONUT MANGGAHAN PLANT,7-11 ST1061 KINGSPOINT,box0261,14,518,4,TRUE,4,5/1/2018,truck_1_14
MISTER DONUT MANGGAHAN PLANT,7-11 ST1140 REGALADO HIVE,box0266,14,518,1,TRUE,1,5/1/2018,truck_2_14
MISTER DONUT MANGGAHAN PLANT,7-11 ST1156 RP GULOD,box0548,14,535,3,TRUE,3,5/1/2018,truck_1_14
MISTER DONUT MANGGAHAN PLANT,7-11 ST1184 ATHERTON,box0242,14,518,3,TRUE,3,5/1/2018,truck_1_14
MISTER DONUT MANGGAHAN PLANT,7-11 ST1186 BAGBAG,box0260,14,518,3,TRUE,3,5/1/2018,truck_2_14
MISTER DONUT MANGGAHAN PLANT,7-11 ST1553 CPI SAUYO,box0262,14,518,2,TRUE,2,5/1/2018,truck_2_14
MISTER DONUT MANGGAHAN PLANT,7-11 ST160 SAN BARTOLOME,box0259,14,518,4,TRUE,4,5/1/2018,truck_1_14
MISTER DONUT MANGGAHAN PLANT,7-11 ST1825 SPRING FIELD,box0547,14,535,2,TRUE,2,5/1/2018,truck_1_14
MISTER DONUT MANGGAHAN PLANT,7-11 ST1937 VILLA VERDE,box0245,14,518,2,TRUE,2,5/1/2018,truck_1_14
MISTER DONUT MANGGAHAN PLANT,7-11 ST217 NOVA 3,box0258,14,518,4,TRUE,4,5/1/2018,truck_1_14
MISTER DONUT MANGGAHAN PLANT,7-11 ST2490 THE ROLEX PLACE,box0265,14,518,2,TRUE,2,5/1/2018,truck_2_14
MISTER DONUT MANGGAHAN PLANT,7-11 ST2507 PESETA,box0243,14,518,4,TRUE,4,5/1/2018,truck_1_14
MISTER DONUT MANGGAHAN PLANT,BOTICA PINOY ATBP - VILLONGCO,box0433,14,527,10,TRUE,10,5/1/2018,truck_2_14
MISTER DONUT MANGGAHAN PLANT,MD COMMONWEALTH TERMINAL,box0434,14,527,9,TRUE,9,5/1/2018,truck_2_14
MISTER DONUT MANGGAHAN PLANT,MD FAIRVIEW CENTER MALL,box0641,14,541,12,TRUE,12,5/1/2018,truck_1_14
MISTER DONUT MANGGAHAN PLANT,MD LITEX,box0385,14,524,8,TRUE,8,5/1/2018,truck_1_14
MISTER DONUT MANGGAHAN PLANT,MD SAVEMORE LITEX GROCERY,box0386,14,524,10,TRUE,10,5/1/2018,truck_1_14
MISTER DONUT MANGGAHAN PLANT,MD SHOP AND RIDE STA MONICA,box0553,14,535,8,TRUE,8,5/1/2018,truck_1_14
MISTER DONUT MANGGAHAN PLANT,PETRON ATHERTON,box0392,14,524,1,TRUE,1,5/1/2018,truck_1_14
MISTER DONUT MANGGAHAN PLANT,SH DAHLIA AVE FAIRVIEW,box0389,14,524,1,TRUE,1,5/1/2018,truck_2_14
MISTER DONUT MANGGAHAN PLANT,SH DMMA NORTH FAIRVIEW QC COSS,box0391,14,524,1,TRUE,1,5/1/2018,truck_1_14
MISTER DONUT MANGGAHAN PLANT,SMFA AMPID SAN MATEO,box0672,14,544,1,TRUE,1,5/1/2018,truck_2_14
MISTER DONUT MANGGAHAN PLANT,SMFA COMM FAIRVIEW (AQUIVEL),box0642,14,541,2,TRUE,2,5/1/2018,truck_1_14
MISTER DONUT MANGGAHAN PLANT,ZAPP ANGELU BURGER,box0388,14,524,1,TRUE,1,5/1/2018,truck_2_14
MISTER DONUT MANGGAHAN PLANT,ZAPP BLUE BASKET,box0390,14,524,1,TRUE,1,5/1/2018,truck_1_14
MISTER DONUT MANGGAHAN PLANT,ZAPP KATUPARAN,box0674,14,544,2,TRUE,2,5/1/2018,truck_2_14
MISTER DONUT MANGGAHAN PLANT,ZAPP LITEX 3,box0387,14,524,1,TRUE,1,5/1/2018,truck_1_14
MISTER DONUT MANGGAHAN PLANT,ZAPP OLD SAUYO MARKET,box0546,14,535,4,TRUE,4,5/1/2018,truck_2_14
MISTER DONUT MANGGAHAN PLANT,ZAPP STO  NINO,box0640,14,541,2,TRUE,2,5/1/2018,truck_1_14
MISTER DONUT MANGGAHAN PLANT,7-11 DEPARO 1,box0396,15,524,2,TRUE,2,5/1/2018,truck_3_15
MISTER DONUT MANGGAHAN PLANT,7-11 KAYBIGA,box0249,15,518,2,TRUE,2,5/1/2018,truck_3_15
MISTER DONUT MANGGAHAN PLANT,7-11 NOVALICHES,box0257,15,518,3,TRUE,3,5/1/2018,truck_2_15
MISTER DONUT MANGGAHAN PLANT,7-11 ST1764 REBISCO,box0252,15,518,2,TRUE,2,5/1/2018,truck_2_15
MISTER DONUT MANGGAHAN PLANT,7-11 ST1899 KABATUHAN DEPARO,box0397,15,524,3,TRUE,3,5/1/2018,truck_3_15
MISTER DONUT MANGGAHAN PLANT,7-11 ST1933 NOVAVILLE,box0247,15,518,2,TRUE,2,5/1/2018,truck_1_15
MISTER DONUT MANGGAHAN PLANT,7-11 ST1934 MERABELA HOMES,box0401,15,524,3,TRUE,3,5/1/2018,truck_3_15
MISTER DONUT MANGGAHAN PLANT,7-11 ST1998 CAPRI,box0253,15,518,4,TRUE,4,5/1/2018,truck_2_15
MISTER DONUT MANGGAHAN PLANT,7-11 ST2062 PUNTURIN VALENZUELA,box0399,15,524,4,TRUE,4,5/1/2018,truck_3_15
MISTER DONUT MANGGAHAN PLANT,7-11 ST2065 LLANO ROAD,box0255,15,518,2,TRUE,2,5/1/2018,truck_3_15
MISTER DONUT MANGGAHAN PLANT,7-11 ST2184 LAWANG BATO,box0248,15,518,4,TRUE,4,5/1/2018,truck_3_15
MISTER DONUT MANGGAHAN PLANT,7-11 ST2199LLANO ELEMENTARY,box0256,15,518,3,TRUE,3,5/1/2018,truck_3_15
MISTER DONUT MANGGAHAN PLANT,7-11 ST2295 TIERRA NOVA,box0400,15,524,3,TRUE,3,5/1/2018,truck_3_15
MISTER DONUT MANGGAHAN PLANT,7-11 ST2308 JORDAN HEIGHTS,box0254,15,518,3,TRUE,3,5/1/2018,truck_3_15
MISTER DONUT MANGGAHAN PLANT,7-11 ST2327 BIGNAY LLANO ROAD,box0398,15,524,4,TRUE,4,5/1/2018,truck_3_15
MISTER DONUT MANGGAHAN PLANT,7-11 ST2350 MC HOTEL,box0549,15,535,2,TRUE,2,5/1/2018,truck_2_15
MISTER DONUT MANGGAHAN PLANT,7-11 ST902 SITIO GITNA,box0250,15,518,3,TRUE,3,5/1/2018,truck_3_15
MISTER DONUT MANGGAHAN PLANT,7-11 ST992 RL MALL,box0246,15,518,2,TRUE,2,5/1/2018,truck_1_15
MISTER DONUT MANGGAHAN PLANT,7-11 ZABARTE,box0244,15,518,4,TRUE,4,5/1/2018,truck_2_15
MISTER DONUT MANGGAHAN PLANT,MD IMALL KIKO CAMARIN,box0395,15,524,13,TRUE,13,5/1/2018,truck_1_15
MISTER DONUT MANGGAHAN PLANT,MD PUREGOLD DE PARO,box0402,15,524,13,TRUE,13,5/1/2018,truck_3_15
MISTER DONUT MANGGAHAN PLANT,MD PUREGOLD PASO DE BLAS,box0442,15,527,12,TRUE,12,5/1/2018,truck_3_15
MISTER DONUT MANGGAHAN PLANT,MD SAVEMORE BAGONG SILANG,box0394,15,524,19,TRUE,19,5/1/2018,truck_1_15
MISTER DONUT MANGGAHAN PLANT,MD SHOP AND RIDE BULACAN,box0552,15,535,9,TRUE,9,5/1/2018,truck_2_15
MISTER DONUT MANGGAHAN PLANT,MD SM FAIRVIEW LGF,box0555,15,535,21,TRUE,21,5/1/2018,truck_2_15
MISTER DONUT MANGGAHAN PLANT,MD SM FAIRVIEW TERMINAL,box0556,15,535,19,TRUE,19,5/1/2018,truck_2_15
MISTER DONUT MANGGAHAN PLANT,MD SUSANO,box0550,15,535,18,TRUE,18,5/1/2018,truck_1_15
MISTER DONUT MANGGAHAN PLANT,MD VICAS,box0557,15,535,9,TRUE,9,5/1/2018,truck_1_15
MISTER DONUT MANGGAHAN PLANT,MD ZABARTE TOWN CENTER,box0551,15,535,12,TRUE,12,5/1/2018,truck_1_15
MISTER DONUT MANGGAHAN PLANT,7-11 EASTWOOD 3,box0406,16,525,2,TRUE,2,5/1/2018,truck_1_16
MISTER DONUT MANGGAHAN PLANT,7-11 ST1974 TANONG MARIKINA,box0267,16,519,2,TRUE,2,5/1/2018,truck_1_16
MISTER DONUT MANGGAHAN PLANT,7-11 ST367 RIVERBANKS,box0268,16,519,3,TRUE,3,5/1/2018,truck_1_16
MISTER DONUT MANGGAHAN PLANT,7-11 ST449 EASTWOOD 2,box0404,16,525,8,TRUE,8,5/1/2018,truck_1_16
MISTER DONUT MANGGAHAN PLANT,7-11 ST801 RIVERBANKS 2,box0269,16,519,2,TRUE,2,5/1/2018,truck_1_16
MISTER DONUT MANGGAHAN PLANT,LAWSON - MAGSAYSAY,box0349,16,522,1,TRUE,1,5/1/2018,truck_1_16
MISTER DONUT MANGGAHAN PLANT,MD LRT 2 SANTOLAN STATION,box0651,16,542,19,TRUE,19,5/1/2018,truck_1_16
MISTER DONUT MANGGAHAN PLANT,MD MAGSAYSAY,box0350,16,522,9,TRUE,9,5/1/2018,truck_1_16
MISTER DONUT MANGGAHAN PLANT,MD SM MARIKINA,box0658,16,542,24,TRUE,24,5/1/2018,truck_1_16
MISTER DONUT MANGGAHAN PLANT,MD TRO-SPE STA. LUCIA FOOD COURT,box0657,16,542,8,TRUE,8,5/1/2018,truck_1_16
MISTER DONUT MANGGAHAN PLANT,SH MARCOS HIGHWAY DELAPAZ,box0650,16,542,1,TRUE,1,5/1/2018,truck_1_16
MISTER DONUT MANGGAHAN PLANT,SMFA KATIPUNAN,box0432,16,527,1,TRUE,1,5/1/2018,truck_1_16
MISTER DONUT MANGGAHAN PLANT,ZAPP E. DELA PAZ,box0667,16,544,1,TRUE,1,5/1/2018,truck_1_16
MISTER DONUT MANGGAHAN PLANT,ZAPP JHORITS EATERY,box0647,16,542,1,TRUE,1,5/1/2018,truck_1_16
MISTER DONUT MANGGAHAN PLANT,ZAPP KARANGALAN MARKET,box0648,16,542,1,TRUE,1,5/1/2018,truck_1_16
MISTER DONUT MANGGAHAN PLANT,ZAPP P.BURGODS MARIKINA,box0666,16,544,8,TRUE,8,5/1/2018,truck_1_16
MISTER DONUT MANGGAHAN PLANT,ZAPP ROWENA STORE KARANGALAN,box0649,16,542,1,TRUE,1,5/1/2018,truck_1_16
MISTER DONUT MANGGAHAN PLANT,ZAPP TATOS BBQ MARIKINA,box0668,16,544,1,TRUE,1,5/1/2018,truck_1_16
MISTER DONUT MANGGAHAN PLANT,7-11 EL JARDIN DE PRESIDENTE,box0280,17,519,1,TRUE,1,5/1/2018,truck_1_17
MISTER DONUT MANGGAHAN PLANT,7-11 M PLACE ST1443,box0071,17,513,3,TRUE,3,5/1/2018,truck_1_17
MISTER DONUT MANGGAHAN PLANT,7-11 QUEZON AVENUE,box0281,17,519,3,TRUE,3,5/1/2018,truck_1_17
MISTER DONUT MANGGAHAN PLANT,7-11 SCOUT TOBIAS,box0068,17,513,2,TRUE,2,5/1/2018,truck_2_17
MISTER DONUT MANGGAHAN PLANT,7-11 ST12 ROCES,box0065,17,513,2,TRUE,2,5/1/2018,truck_1_17
MISTER DONUT MANGGAHAN PLANT,7-11 ST1623 FRANCESCA TOWER,box0282,17,519,2,TRUE,2,5/1/2018,truck_1_17
MISTER DONUT MANGGAHAN PLANT,7-11 ST1708 COHER CENTER,box0070,17,513,2,TRUE,2,5/1/2018,truck_1_17
MISTER DONUT MANGGAHAN PLANT,7-11 ST1801 SCOUT TUASON,box0050,17,513,3,TRUE,3,5/1/2018,truck_2_17
MISTER DONUT MANGGAHAN PLANT,7-11 ST281 TOMAS MORATO,box0049,17,513,3,TRUE,3,5/1/2018,truck_2_17
MISTER DONUT MANGGAHAN PLANT,7-11 ST323 GMA 7,box0277,17,519,4,TRUE,4,5/1/2018,truck_2_17
MISTER DONUT MANGGAHAN PLANT,7-11 ST330 IMPERIAL,box0279,17,519,2,TRUE,2,5/1/2018,truck_2_17
MISTER DONUT MANGGAHAN PLANT,7-11 ST755 SUNSHINE PLAZA,box0069,17,513,2,TRUE,2,5/1/2018,truck_2_17
MISTER DONUT MANGGAHAN PLANT,7-11 ST836 TORRE VENECIA,box0067,17,513,1,TRUE,1,5/1/2018,truck_2_17
MISTER DONUT MANGGAHAN PLANT,7-11 ST985 CAPITOL MED,box0066,17,513,3,TRUE,3,5/1/2018,truck_1_17
MISTER DONUT MANGGAHAN PLANT,7-11 TUNE HOTEL QC,box0278,17,519,1,TRUE,1,5/1/2018,truck_2_17
MISTER DONUT MANGGAHAN PLANT,"KFC, STORE ROCES",box0416,17,525,13,TRUE,13,5/1/2018,truck_2_17
MISTER DONUT MANGGAHAN PLANT,MD CITIMALL PHILCOA TERMINAL,box0638,17,541,10,TRUE,10,5/1/2018,truck_1_17
MISTER DONUT MANGGAHAN PLANT,MD JAC LINER KAMUNING W/ SPE,box0475,17,530,18,TRUE,18,5/1/2018,truck_2_17
MISTER DONUT MANGGAHAN PLANT,MD JAM KAMUNING STATION,box0476,17,530,33,TRUE,33,5/1/2018,truck_2_17
MISTER DONUT MANGGAHAN PLANT,MD MRT QUEZON AVENUE,box0580,17,537,10,TRUE,10,5/1/2018,truck_1_17
MISTER DONUT MANGGAHAN PLANT,MD ROAD 1 PROJ 6,box0483,17,530,2,TRUE,2,5/1/2018,truck_1_17
MISTER DONUT MANGGAHAN PLANT,"MD SHOP, EVER SUPERMARKET ROCES",box0478,17,530,8,TRUE,8,5/1/2018,truck_2_17
MISTER DONUT MANGGAHAN PLANT,"MD SHOP, SM NORTH EDSA LGF",box0696,17,546,7,TRUE,7,5/1/2018,truck_3_17
MISTER DONUT MANGGAHAN PLANT,"MD SHOP, TRINOMA",box0694,17,546,53,TRUE,53,5/1/2018,truck_3_17
MISTER DONUT MANGGAHAN PLANT,MD SM NORTH JEEPNEY TERMINAL,box0693,17,546,17,TRUE,17,5/1/2018,truck_3_17
MISTER DONUT MANGGAHAN PLANT,MD SSG SUPERMARKET,box0482,17,530,7,TRUE,7,5/1/2018,truck_1_17
MISTER DONUT MANGGAHAN PLANT,MD TRINOMA BOOTH,box0695,17,546,12,TRUE,12,5/1/2018,truck_3_17
MISTER DONUT MANGGAHAN PLANT,MD UP SHELL CENTER,box0639,17,541,1,TRUE,1,5/1/2018,truck_1_17
MISTER DONUT MANGGAHAN PLANT,OPTIMA WORLDWIDE GAS STN INC,box0637,17,541,1,TRUE,1,5/1/2018,truck_3_17
MISTER DONUT MANGGAHAN PLANT,SH KALAYAAN T.V,box0692,17,546,1,TRUE,1,5/1/2018,truck_3_17
MISTER DONUT MANGGAHAN PLANT,SH KAMIAS,box0691,17,546,1,TRUE,1,5/1/2018,truck_3_17
MISTER DONUT MANGGAHAN PLANT,SH QUEZON AVE IBANK QC,box0479,17,530,1,TRUE,1,5/1/2018,truck_1_17
MISTER DONUT MANGGAHAN PLANT,SH W.A BALER,box0481,17,530,1,TRUE,1,5/1/2018,truck_1_17
MISTER DONUT MANGGAHAN PLANT,SHELL WEST TRIANGLE SERVICE STN,box0480,17,530,1,TRUE,1,5/1/2018,truck_1_17
MISTER DONUT MANGGAHAN PLANT,7-11 GUADA 4 (KIMSTON PLAZA),box0080,18,514,3,TRUE,3,5/1/2018,truck_1_18
MISTER DONUT MANGGAHAN PLANT,7-11 GUADALUPE 1,box0077,18,514,1,TRUE,1,5/1/2018,truck_1_18
MISTER DONUT MANGGAHAN PLANT,7-11 GUADALUPE 2 (Yabut),box0073,18,514,3,TRUE,3,5/1/2018,truck_1_18
MISTER DONUT MANGGAHAN PLANT,7-11 ST1523GUADALUPE 5,box0078,18,514,2,TRUE,2,5/1/2018,truck_1_18
MISTER DONUT MANGGAHAN PLANT,7-11 ST1621 KALAYAAN,box0074,18,514,3,TRUE,3,5/1/2018,truck_1_18
MISTER DONUT MANGGAHAN PLANT,7-11 ST244 GUADA 3,box0079,18,514,1,TRUE,1,5/1/2018,truck_1_18
MISTER DONUT MANGGAHAN PLANT,7-11 ST447 KIMSTONE,box0075,18,514,1,TRUE,1,5/1/2018,truck_1_18
MISTER DONUT MANGGAHAN PLANT,7-11 WEST REMBO,box0458,18,529,3,TRUE,3,5/1/2018,truck_1_18
MISTER DONUT MANGGAHAN PLANT,7-11 ZAPANTA,box0076,18,514,6,TRUE,6,5/1/2018,truck_1_18
MISTER DONUT MANGGAHAN PLANT,BUDGET MART - BICUTAN,box0627,18,539,3,TRUE,3,5/1/2018,truck_1_18
MISTER DONUT MANGGAHAN PLANT,BUDGET MART - GUADALUPE,box0461,18,529,3,TRUE,3,5/1/2018,truck_1_18
MISTER DONUT MANGGAHAN PLANT,MD ABC GUADALUPE,box0459,18,529,16,TRUE,16,5/1/2018,truck_1_18
MISTER DONUT MANGGAHAN PLANT,MD GUADALUPE EDSA 2,box0497,18,532,17,TRUE,17,5/1/2018,truck_1_18
MISTER DONUT MANGGAHAN PLANT,MD LOYOLA GUADALUPE,box0499,18,532,8,TRUE,8,5/1/2018,truck_1_18
MISTER DONUT MANGGAHAN PLANT,MD RAMON MAGSAYSAY,box0460,18,529,14,TRUE,14,5/1/2018,truck_1_18
MISTER DONUT MANGGAHAN PLANT,"MD SHOP, GRAND HAMPTON",box0493,18,531,7,TRUE,7,5/1/2018,truck_1_18
MISTER DONUT MANGGAHAN PLANT,MD ST. LUKE BGC,box0491,18,531,6,TRUE,6,5/1/2018,truck_1_18
MISTER DONUT MANGGAHAN PLANT,MD UNIMEC GUADALUPE,box0498,18,532,11,TRUE,11,5/1/2018,truck_1_18
MISTER DONUT MANGGAHAN PLANT,SHELL SHOP- BONIFACIO GLOBAL CITY,box0492,18,531,2,TRUE,2,5/1/2018,truck_1_18
MISTER DONUT MANGGAHAN PLANT,7-11 MORONG POBLACION,box0025,19,511,2,TRUE,2,5/1/2018,truck_1_19
MISTER DONUT MANGGAHAN PLANT,7-11 ST1130 BINANGONAN 3,box0021,19,511,2,TRUE,2,5/1/2018,truck_1_19
MISTER DONUT MANGGAHAN PLANT,7-11 ST1150 BARAS,box0357,19,522,3,TRUE,3,5/1/2018,truck_1_19
MISTER DONUT MANGGAHAN PLANT,7-11 ST1725 BINANGONAN TRIANGLE,box0023,19,511,2,TRUE,2,5/1/2018,truck_1_19
MISTER DONUT MANGGAHAN PLANT,7-11 ST1845 TANAY POBLACION,box0358,19,522,3,TRUE,3,5/1/2018,truck_1_19
MISTER DONUT MANGGAHAN PLANT,7-11 ST1997 TANAY SAMPALOC,box0359,19,522,6,TRUE,6,5/1/2018,truck_1_19
MISTER DONUT MANGGAHAN PLANT,7-11 ST2403 CARDONA,box0024,19,511,4,TRUE,4,5/1/2018,truck_1_19
MISTER DONUT MANGGAHAN PLANT,7-11 ST249 BINANGONAN,box0022,19,511,3,TRUE,3,5/1/2018,truck_1_19
MISTER DONUT MANGGAHAN PLANT,7-11 ST2545 PILILLA,box0361,19,522,3,TRUE,3,5/1/2018,truck_1_19
MISTER DONUT MANGGAHAN PLANT,7-11 ST2686 DARANGAN,box0020,19,511,3,TRUE,3,5/1/2018,truck_1_19
MISTER DONUT MANGGAHAN PLANT,7-11 ST2787 BILIBIRAN BINANGONAN,box0018,19,511,4,TRUE,4,5/1/2018,truck_1_19
MISTER DONUT MANGGAHAN PLANT,7-11 ST387 BINANGONAN 2,box0019,19,511,1,TRUE,1,5/1/2018,truck_1_19
MISTER DONUT MANGGAHAN PLANT,7-11 ST772 TANAY 2,box0360,19,522,2,TRUE,2,5/1/2018,truck_1_19
MISTER DONUT MANGGAHAN PLANT,7-11 ST784 TERESA,box0026,19,511,5,TRUE,5,5/1/2018,truck_1_19
MISTER DONUT MANGGAHAN PLANT,MD BINANGONAN 2,box0355,19,522,7,TRUE,7,5/1/2018,truck_1_19
MISTER DONUT MANGGAHAN PLANT,MD PANTOK,box0353,19,522,5,TRUE,5,5/1/2018,truck_1_19
MISTER DONUT MANGGAHAN PLANT,MD PUREGOLD BINANGONAN RIZAL,box0378,19,523,6,TRUE,6,5/1/2018,truck_1_19
MISTER DONUT MANGGAHAN PLANT,MD TANAY RIZAL,box0363,19,522,7,TRUE,7,5/1/2018,truck_1_19
MISTER DONUT MANGGAHAN PLANT,SMFA MORONG,box0356,19,522,2,TRUE,2,5/1/2018,truck_1_19
MISTER DONUT MANGGAHAN PLANT,SMFA TANAY,box0362,19,522,2,TRUE,2,5/1/2018,truck_1_19
MISTER DONUT MANGGAHAN PLANT,Zapp Binangonan Ferry Terminal Rizal,box0354,19,522,3,TRUE,3,5/1/2018,truck_1_19
MISTER DONUT MANGGAHAN PLANT,Zapp Chilichan Asian Bistro Morong,box0364,19,522,1,TRUE,1,5/1/2018,truck_1_19
MISTER DONUT MANGGAHAN PLANT,Zapp J4 CMB Store Teresa,box0365,19,522,1,TRUE,1,5/1/2018,truck_1_19
MISTER DONUT MANGGAHAN PLANT,7-11 PASIG,box0143,20,515,3,TRUE,3,5/1/2018,truck_1_20
MISTER DONUT MANGGAHAN PLANT,7-11 ST248 PASIG MEGA,box0139,20,515,4,TRUE,4,5/1/2018,truck_2_20
MISTER DONUT MANGGAHAN PLANT,BARNEYS BURGER,box0496,20,531,9,TRUE,9,5/1/2018,truck_1_20
MISTER DONUT MANGGAHAN PLANT,MD COMEMBO,box0487,20,531,27,TRUE,27,5/1/2018,truck_1_20
MISTER DONUT MANGGAHAN PLANT,MD LIANAS PASIG,box0664,20,543,12,TRUE,12,5/1/2018,truck_2_20
MISTER DONUT MANGGAHAN PLANT,MD MAGDALENA ARCADE PINAGBUHATAN,box0663,20,543,22,TRUE,22,5/1/2018,truck_2_20
MISTER DONUT MANGGAHAN PLANT,MD MARKET MARKET TERMINAL,box0494,20,531,19,TRUE,19,5/1/2018,truck_1_20
MISTER DONUT MANGGAHAN PLANT,MD PATEROS BAYAN,box0661,20,543,11,TRUE,11,5/1/2018,truck_2_20
MISTER DONUT MANGGAHAN PLANT,MD PUREGOLD TAGUIG,box0665,20,543,10,TRUE,10,5/1/2018,truck_2_20
MISTER DONUT MANGGAHAN PLANT,MD SAN JOAQUIN JUNCTION PASIG,box0662,20,543,8,TRUE,8,5/1/2018,truck_2_20
MISTER DONUT MANGGAHAN PLANT,MD TRO-SPE Market Market 3rd Floor,box0495,20,531,9,TRUE,9,5/1/2018,truck_1_20
MISTER DONUT MANGGAHAN PLANT,SHELL C5 SERVICE STATION,box0490,20,531,1,TRUE,1,5/1/2018,truck_1_20
MISTER DONUT MANGGAHAN PLANT,7-11 ST1142 TAMBO,box0595,21,538,1,TRUE,1,5/1/2018,truck_1_21
MISTER DONUT MANGGAHAN PLANT,7-11 ST1780 WILCON IT HUB,box0311,21,520,5,TRUE,5,5/1/2018,truck_3_21
MISTER DONUT MANGGAHAN PLANT,7-11 ST185 GLOBAL,box0343,21,521,2,TRUE,2,5/1/2018,truck_1_21
MISTER DONUT MANGGAHAN PLANT,7-11 ST2149 BANGKAL 2,box0315,21,520,3,TRUE,3,5/1/2018,truck_4_21
MISTER DONUT MANGGAHAN PLANT,7-11 ST2247 SAN LORENZO PLACE,box0312,21,520,2,TRUE,2,5/1/2018,truck_1_21
MISTER DONUT MANGGAHAN PLANT,7-11 ST2254 TAMBO 2,box0330,21,521,2,TRUE,2,5/1/2018,truck_1_21
MISTER DONUT MANGGAHAN PLANT,7-11 ST2400 CITY OF DREAMS,box0342,21,521,4,TRUE,4,5/1/2018,truck_2_21
MISTER DONUT MANGGAHAN PLANT,7-11 ST2565 CITY OF DREAMS 2,box0341,21,521,2,TRUE,2,5/1/2018,truck_2_21
MISTER DONUT MANGGAHAN PLANT,7-11 ST2887 W MALL,box0457,21,528,4,TRUE,4,5/1/2018,truck_2_21
MISTER DONUT MANGGAHAN PLANT,7-11 ST381 DON GALO,box0596,21,538,5,TRUE,5,5/1/2018,truck_1_21
MISTER DONUT MANGGAHAN PLANT,7-11 TAMBO COASTAL,box0340,21,521,2,TRUE,2,5/1/2018,truck_1_21
MISTER DONUT MANGGAHAN PLANT,ALFAMART FIVE ECOM CENTER 1920,box0451,21,528,1,TRUE,1,5/1/2018,truck_2_21
MISTER DONUT MANGGAHAN PLANT,ALFAMART MAAX PASAY,box0453,21,528,3,TRUE,3,5/1/2018,truck_2_21
MISTER DONUT MANGGAHAN PLANT,ALFAMART MOA TASTE ASIA,box0452,21,528,1,TRUE,1,5/1/2018,truck_2_21
MISTER DONUT MANGGAHAN PLANT,ALFAMART SEA RESIDENCES,box0454,21,528,2,TRUE,2,5/1/2018,truck_2_21
MISTER DONUT MANGGAHAN PLANT,ALFAMART SHELL RESIDENCES 9,box0450,21,528,3,TRUE,3,5/1/2018,truck_2_21
MISTER DONUT MANGGAHAN PLANT,BAYVIEW PETRON SERVICE CENTER,box0331,21,521,2,TRUE,2,5/1/2018,truck_2_21
MISTER DONUT MANGGAHAN PLANT,MAGALLANES MGMT2,box0337,21,521,3,TRUE,3,5/1/2018,truck_1_21
MISTER DONUT MANGGAHAN PLANT,MD AIRPORT TERMINAL 2,box0335,21,521,29,TRUE,29,5/1/2018,truck_2_21
MISTER DONUT MANGGAHAN PLANT,MD FIVE STAR PASAY,box0591,21,538,39,TRUE,39,5/1/2018,truck_1_21
MISTER DONUT MANGGAHAN PLANT,MD LRT BACLARAN STATION,box0329,21,521,13,TRUE,13,5/1/2018,truck_4_21
MISTER DONUT MANGGAHAN PLANT,MD MAHAL KITA DRIVE INN TAFT,box0328,21,521,7,TRUE,7,5/1/2018,truck_4_21
MISTER DONUT MANGGAHAN PLANT,MD METROPOINT MALL 2ND LEVEL,box0456,21,528,8,TRUE,8,5/1/2018,truck_4_21
MISTER DONUT MANGGAHAN PLANT,MD MRT TAFT AVE.,box0324,21,521,6,TRUE,6,5/1/2018,truck_3_21
MISTER DONUT MANGGAHAN PLANT,MD OLD DOMESTIC,box0334,21,521,45,TRUE,45,5/1/2018,truck_3_21
MISTER DONUT MANGGAHAN PLANT,MD PHILTRANCO PASAY,box0594,21,538,8,TRUE,8,5/1/2018,truck_3_21
MISTER DONUT MANGGAHAN PLANT,"MD SHOP, KFC MD NAIA 3",box0344,21,521,7,TRUE,7,5/1/2018,truck_1_21
MISTER DONUT MANGGAHAN PLANT,MD TRO-SPE VICTORY FOOD MARKET BACLARAN,box0332,21,521,7,TRUE,7,5/1/2018,truck_3_21
MISTER DONUT MANGGAHAN PLANT,MD VICTORY LINER PASAY,box0322,21,521,13,TRUE,13,5/1/2018,truck_4_21
MISTER DONUT MANGGAHAN PLANT,MD VMALL LIBERTAD PASAY,box0449,21,528,10,TRUE,10,5/1/2018,truck_2_21
MISTER DONUT MANGGAHAN PLANT,MD WINSTON LODGE,box0592,21,538,4,TRUE,4,5/1/2018,truck_4_21
MISTER DONUT MANGGAHAN PLANT,PETROLEUM DISTRIBUTORS & SVCS CORP,box0333,21,521,1,TRUE,1,5/1/2018,truck_2_21
MISTER DONUT MANGGAHAN PLANT,PETRON CITY FILL,box0338,21,521,1,TRUE,1,5/1/2018,truck_2_21
MISTER DONUT MANGGAHAN PLANT,SH EDSA HERITAGE,box0326,21,521,1,TRUE,1,5/1/2018,truck_2_21
MISTER DONUT MANGGAHAN PLANT,SH MACAPAGAL BELLA PQUE,box0455,21,528,8,TRUE,8,5/1/2018,truck_2_21
MISTER DONUT MANGGAHAN PLANT,SH MALIBAY,box0323,21,521,1,TRUE,1,5/1/2018,truck_1_21
MISTER DONUT MANGGAHAN PLANT,SMFA FB HARRISON CUNETA,box0327,21,521,1,TRUE,1,5/1/2018,truck_2_21
MISTER DONUT MANGGAHAN PLANT,SMFA PARK AVE. PASAY,box0325,21,521,1,TRUE,1,5/1/2018,truck_2_21
MISTER DONUT MANGGAHAN PLANT,ZAPP  OBJEE,box0339,21,521,2,TRUE,2,5/1/2018,truck_2_21
MISTER DONUT MANGGAHAN PLANT,ZAPP KEANRICH,box0593,21,538,3,TRUE,3,5/1/2018,truck_3_21
MISTER DONUT MANGGAHAN PLANT,ZAPP SLT CAAP PASAY,box0346,21,521,2,TRUE,2,5/1/2018,truck_3_21
MISTER DONUT MANGGAHAN PLANT,7-11 ST1698 SEA OIL TAYTAY,box0011,22,511,4,TRUE,4,5/1/2018,truck_1_22
MISTER DONUT MANGGAHAN PLANT,7-11 ST1769 SM TAYTAY,box0009,22,511,2,TRUE,2,5/1/2018,truck_1_22
MISTER DONUT MANGGAHAN PLANT,7-11 ST1964 TIKLING TAYTAY,box0008,22,511,3,TRUE,3,5/1/2018,truck_1_22
MISTER DONUT MANGGAHAN PLANT,7-11 ST2481 TAYTAY POBLACION,box0006,22,511,2,TRUE,2,5/1/2018,truck_1_22
MISTER DONUT MANGGAHAN PLANT,7-11 TAYTAY,box0010,22,511,2,TRUE,2,5/1/2018,truck_1_22
MISTER DONUT MANGGAHAN PLANT,MD MUZON-TAYTAY,box0374,22,523,7,TRUE,7,5/1/2018,truck_1_22
MISTER DONUT MANGGAHAN PLANT,MD PUREGOLD TAYTAY RIZAL,box0381,22,523,7,TRUE,7,5/1/2018,truck_1_22
MISTER DONUT MANGGAHAN PLANT,MD SUPER 8 TAYTAY RIZAL,box0351,22,522,6,TRUE,6,5/1/2018,truck_1_22
MISTER DONUT MANGGAHAN PLANT,MD TAYTAY RIZAL,box0373,22,523,7,TRUE,7,5/1/2018,truck_1_22
MISTER DONUT MANGGAHAN PLANT,MD TIKLING,box0376,22,523,6,TRUE,6,5/1/2018,truck_1_22
MISTER DONUT MANGGAHAN PLANT,SMFA MANILA EAST,box0377,22,523,2,TRUE,2,5/1/2018,truck_1_22
MISTER DONUT MANGGAHAN PLANT,MD ARANETA SQUARE,box0700,23,547,14,TRUE,14,5/1/2018,truck_3_23
MISTER DONUT MANGGAHAN PLANT,MD JULIANA MARKET BALINTAWAK,box0582,23,537,17,TRUE,17,5/1/2018,truck_2_23
MISTER DONUT MANGGAHAN PLANT,MD KEMP MART CALOOCAN,box0440,23,527,7,TRUE,7,5/1/2018,truck_3_23
MISTER DONUT MANGGAHAN PLANT,MD LRT 3 BALINTAWAK STATION,box0697,23,547,12,TRUE,12,5/1/2018,truck_3_23
MISTER DONUT MANGGAHAN PLANT,MD MALABON CITISQUARE,box0590,23,537,16,TRUE,16,5/1/2018,truck_2_23
MISTER DONUT MANGGAHAN PLANT,MD MALABON PUBLIC MARKET,box0586,23,537,11,TRUE,11,5/1/2018,truck_1_23
MISTER DONUT MANGGAHAN PLANT,MD MERCURY AGORA,box0587,23,537,10,TRUE,10,5/1/2018,truck_1_23
MISTER DONUT MANGGAHAN PLANT,MD PUREGOLD MONUMENTO,box0703,23,547,12,TRUE,12,5/1/2018,truck_2_23
MISTER DONUT MANGGAHAN PLANT,MD PUREGOLD NAVOTAS,box0589,23,537,12,TRUE,12,5/1/2018,truck_2_23
MISTER DONUT MANGGAHAN PLANT,MD PUREGOLD VALENZUELA,box0441,23,527,9,TRUE,9,5/1/2018,truck_1_23
MISTER DONUT MANGGAHAN PLANT,MD SM SANGANDAAN,box0702,23,547,26,TRUE,26,5/1/2018,truck_2_23
MISTER DONUT MANGGAHAN PLANT,MD TRO-SPE LRT MALL CALOOCAN,box0704,23,547,10,TRUE,10,5/1/2018,truck_3_23
MISTER DONUT MANGGAHAN PLANT,MD VICTORY MALL,box0698,23,547,22,TRUE,22,5/1/2018,truck_3_23
MISTER DONUT MANGGAHAN PLANT,MD VICTORY TERMINAL CALOOCAN 2,box0701,23,547,11,TRUE,11,5/1/2018,truck_3_23
MISTER DONUT MANGGAHAN PLANT,MD VICTORY TERMINAL MONUMENTO,box0699,23,547,14,TRUE,14,5/1/2018,truck_2_23
MISTER DONUT MANGGAHAN PLANT,MD ZENCO CALOOCAN,box0583,23,537,19,TRUE,19,5/1/2018,truck_2_23
MISTER DONUT MANGGAHAN PLANT,SH BALINTAWAK,box0581,23,537,1,TRUE,1,5/1/2018,truck_3_23
MISTER DONUT MANGGAHAN PLANT,SH EDSA KAINGIN SBOUND QC,box0486,23,530,2,TRUE,2,5/1/2018,truck_3_23
MISTER DONUT MANGGAHAN PLANT,SHELL SPEEDWELL,box0585,23,537,1,TRUE,1,5/1/2018,truck_3_23
MISTER DONUT MANGGAHAN PLANT,SMFA STA. QUITERIA,box0439,23,527,1,TRUE,1,5/1/2018,truck_1_23
MISTER DONUT MANGGAHAN PLANT,SMFA TANDANG SORA,box0438,23,527,1,TRUE,1,5/1/2018,truck_1_23
MISTER DONUT MANGGAHAN PLANT,ZAPP AGORA NAVOTAS,box0588,23,537,1,TRUE,1,5/1/2018,truck_1_23
MISTER DONUT MANGGAHAN PLANT,ZAPP LORENZO LINGUNAN,box0443,23,527,3,TRUE,3,5/1/2018,truck_1_23
MISTER DONUT MANGGAHAN PLANT,ZAPP SITIO MENDEZ,box0484,23,530,1,TRUE,1,5/1/2018,truck_3_23
MISTER DONUT MANGGAHAN PLANT,ZAPP TGP MISSSIONARY RD,box0485,23,530,2,TRUE,2,5/1/2018,truck_3_23
MISTER DONUT MANGGAHAN PLANT,MD GITNANG BAYAN KAMBAL RD.,box0673,24,544,11,TRUE,11,5/1/2018,truck_1_24
MISTER DONUT MANGGAHAN PLANT,MD JP RIZAL RODRIGUEZ,box0678,24,544,5,TRUE,5,5/1/2018,truck_1_24
MISTER DONUT MANGGAHAN PLANT,MD LUVERS SAN RAFAEL,box0679,24,544,6,TRUE,6,5/1/2018,truck_1_24
MISTER DONUT MANGGAHAN PLANT,MD MALY,box0682,24,544,6,TRUE,6,5/1/2018,truck_1_24
MISTER DONUT MANGGAHAN PLANT,MD PUREGOLD MONTALBAN RIZAL,box0681,24,544,8,TRUE,8,5/1/2018,truck_1_24
MISTER DONUT MANGGAHAN PLANT,MD RODRIGUEZ HIGHWAY,box0677,24,544,4,TRUE,4,5/1/2018,truck_1_24
MISTER DONUT MANGGAHAN PLANT,MD SAN ISIDRO RIZAL,box0680,24,544,6,TRUE,6,5/1/2018,truck_1_24
MISTER DONUT MANGGAHAN PLANT,SMFA AMPARO,box0554,24,535,1,TRUE,1,5/1/2018,truck_1_24
MISTER DONUT MANGGAHAN PLANT,SMFA LITEX,box0676,24,544,1,TRUE,1,5/1/2018,truck_1_24
MISTER DONUT MANGGAHAN PLANT,SMFA MONTALBAN,box0683,24,544,1,TRUE,1,5/1/2018,truck_1_24
MISTER DONUT MANGGAHAN PLANT,ZAPP DADAS,box0675,24,544,2,TRUE,2,5/1/2018,truck_1_24
MISTER DONUT MANGGAHAN PLANT,ZAPP MABEL STORE SAN MATEO,box0653,24,542,3,TRUE,3,5/1/2018,truck_1_24
MISTER DONUT MANGGAHAN PLANT,ZAPP PANGARAP CALOOCAN,box0393,24,524,4,TRUE,4,5/1/2018,truck_1_24
