DATE,ROUTE NO,SHOP NO,SHOP CODE,SHOP NAME,FROM,TO
1-May,11,1,100401,7-11 CAINTA,0:00:00,6:00:00
1-May,11,2,106356,7-11 ST2147 MARICK CAINTA,0:00:00,6:00:00
1-May,11,3,109493,7-11 ST2655 CAINTA MUNICIPAL,0:00:00,6:00:00
1-May,11,4,100402,7-11 ST126CAINTA PAROLA,0:00:00,6:00:00
1-May,11,5,108119,7-11 ST2363 ESTRLLA CAINTA,0:00:00,6:00:00
1-May,11,6,108594,7-11 ST2481 TAYTAY POBLACION,0:00:00,6:00:00
1-May,11,7,107047,7-11 ST1911 DON MARIANO,0:00:00,6:00:00
1-May,11,8,100867,7-11 ST1964 TIKLING TAYTAY,0:00:00,6:00:00
1-May,11,9,100823,7-11 ST1769 SM TAYTAY,0:00:00,6:00:00
1-May,11,10,100453,7-11 TAYTAY,0:00:00,6:00:00
1-May,11,11,100858,7-11 ST1698 SEA OIL TAYTAY,0:00:00,6:00:00
1-May,11,12,100829,7-11 ST1831 CPI ANGONO,0:00:00,6:00:00
1-May,11,13,100640,7-11 ST922 ANGONO MEDICS,0:00:00,6:00:00
1-May,11,14,100686,7-11 ST1242 ANGONO 4,0:00:00,6:00:00
1-May,11,15,100446,7-11 ST194 ANGONO,0:00:00,6:00:00
1-May,11,16,100590,7-11 ANGONO 2,0:00:00,6:00:00
1-May,11,17,100729,7-11 ST1130 BINANGONAN 4,0:00:00,6:00:00
1-May,11,18,112435,7-11 ST2787 BILIBIRAN BINANGONAN,0:00:00,6:00:00
1-May,11,19,100503,7-11 ST387 BINANGONAN 2,0:00:00,6:00:00
1-May,11,20,112969,7-11 ST2686 DARANGAN,0:00:00,6:00:00
1-May,11,21,100671,7-11 ST1130 BINANGONAN 3,0:00:00,6:00:00
1-May,11,22,100465,7-11 ST249 BINANGONAN,0:00:00,6:00:00
1-May,11,23,106678,7-11 ST1725 BINANGONAN TRIANGLE,0:00:00,6:00:00
1-May,11,24,112437,7-11 ST2403 CARDONA,0:00:00,6:00:00
1-May,11,25,100727,7-11 MORONG POBLACION,0:00:00,6:00:00
1-May,11,26,100615,7-11 ST784 TERESA,0:00:00,6:00:00
1-May,11,27,108179,7-11 ST2413 DALIG ANTIPOLO,0:00:00,6:00:00
1-May,11,28,108642,7-11 ST2463 MAIA ALTA,0:00:00,6:00:00
1-May,11,29,100654,7-11 ST995 PINES CITY,0:00:00,6:00:00
1-May,11,30,100824,7-11 ST1881 ANTIPOLO CIRCLE,0:00:00,6:00:00
1-May,11,31,100399,7-11 ANTIPOLO 1,0:00:00,6:00:00
1-May,11,32,109256,7-11 ST2381 MARIGMAN ANTIPOLO,0:00:00,6:00:00
1-May,11,33,100627,7-11 ST2413 ANTIPOLO 3 - DALIG,0:00:00,6:00:00
1-May,11,34,100400,7-11 ST75 ANTIPOLO CHURCH,0:00:00,6:00:00
1-May,11,35,109718,7-11 ST2678 EMPRESS ANTIPOLO,0:00:00,6:00:00
1-May,11,36,109316,7-11 ST2522 TAKTAK ANTIPOLO,0:00:00,6:00:00
1-May,13,1,108439,7-11 ST2478 81 XAVIER,0:00:00,6:00:00
1-May,13,4,100436,7-11 ST166 PHILCOPY,0:00:00,6:00:00
1-May,13,2,100731,7-11 ST1331 BDO GREENHILLS,0:00:00,6:00:00
1-May,13,3,100539,7-11 WILSON,0:00:00,6:00:00
1-May,13,5,100594,7-11 CARDINAL SANTOS MEDICAL CEN,0:00:00,6:00:00
1-May,13,6,100715,7-11 ST1325 WILSON ABAD SANTOS,0:00:00,6:00:00
1-May,13,7,108074,7-11 ST2339 P GUEVARRA 2,0:00:00,6:00:00
1-May,13,8,112965,7-11 ST2862 ARLINGTON,0:00:00,6:00:00
1-May,13,9,100638,7-11 ST855 UERM,0:00:00,6:00:00
1-May,13,10,100740,7-11 PRINCETON RESIDENCE,0:00:00,6:00:00
1-May,13,11,100794,7-11 ST1544 GILMORE,0:00:00,6:00:00
1-May,13,13,108444,7-11 ST2384 CPI KAMUNING,0:00:00,6:00:00
1-May,13,14,100477,7-11 ST281 TOMAS MORATO,0:00:00,6:00:00
1-May,13,15,100826,7-11 ST1801 SCOUT TUASON,0:00:00,6:00:00
1-May,13,12,109157,7-11 ST1636 WINLAND TOWER,0:00:00,6:00:00
1-May,13,16,100773,7-11 CPI E.ROD ST1502,0:00:00,6:00:00
1-May,13,17,100618,7-11  ST819 ST. LUKES,0:00:00,6:00:00
1-May,13,18,100472,7-11 ST241 ST.LUKES,0:00:00,6:00:00
1-May,13,19,109156,7-11 ST2623 TRINITY E-ROD,0:00:00,6:00:00
1-May,13,20,100680,7-11 ST1166DELOS SANTOS HOSPITAL,0:00:00,6:00:00
1-May,13,21,100819,7-11 ST1727 FE DEL MUNDO HOSPITAL,0:00:00,6:00:00
1-May,13,22,100781,7-11 ST1324 DONA AURORA E.ROD,0:00:00,6:00:00
1-May,13,23,100621,7-11 ST799 DONA AURORA (MILAN PROP),0:00:00,6:00:00
1-May,13,24,100414,7-11 ST104 GALAS,0:00:00,6:00:00
1-May,13,25,101311,7-11 ST1112 MACEDA,0:00:00,6:00:00
1-May,13,26,101193,7-11 ST33 DAPITAN,0:00:00,6:00:00
1-May,13,27,100629,7-11 ST835 BANAWE 2,0:00:00,6:00:00
1-May,13,28,100853,7-11 ST1990 PAZ ARANETA,0:00:00,6:00:00
1-May,13,29,100442,7-11 ST12 ROCES,0:00:00,6:00:00
1-May,13,30,100669,7-11 ST985 CAPITOL MED,0:00:00,6:00:00
1-May,13,31,100628,7-11 ST836 TORRE VENECIA,0:00:00,6:00:00
1-May,13,32,100587,7-11 SCOUT TOBIAS,0:00:00,6:00:00
1-May,13,33,100602,7-11 ST755 SUNSHINE PLAZA,0:00:00,6:00:00
1-May,13,34,100803,7-11 ST1708 COHER CENTER,0:00:00,6:00:00
1-May,13,35,100751,7-11 M PLACE ST1443,0:00:00,6:00:00
1-May,13,35,113324,7-11 ST2891 WILSON SAN JUAN,0:00:00,6:00:00
1-May,14,1,100421,7-11 GUADALUPE 2 (Yabut),0:00:00,6:00:00
1-May,14,2,100771,7-11 ST1621 KALAYAAN,0:00:00,6:00:00
1-May,14,4,100517,7-11 ST447 KIMSTONE,0:00:00,6:00:00
1-May,14,5,101511,7-11 ZAPANTA,0:00:00,6:00:00
1-May,14,6,100441,7-11 GUADALUPE 1,0:00:00,6:00:00
1-May,14,7,109789,7-11 ST1523GUADALUPE 5,0:00:00,6:00:00
1-May,14,8,100468,7-11 ST244 GUADA 3,0:00:00,6:00:00
1-May,14,9,100566,7-11 GUADA 4 (KIMSTON PLAZA),0:00:00,6:00:00
1-May,14,10,103830,7-11 ST1298 CEO FIATS,0:00:00,6:00:00
1-May,14,11,103823,7-11 SM CYBER TWO,0:00:00,6:00:00
1-May,14,12,103821,7-11 SM CYBER 1,0:00:00,6:00:00
1-May,14,13,103817,7-11 TROPICAL,0:00:00,6:00:00
1-May,14,14,103832,7-11 BEL AIR SOHO,0:00:00,6:00:00
1-May,14,15,100443,7-11 ST187 VIRRA 1,0:00:00,6:00:00
1-May,14,16,100694,7-11 ST1238 MPT SUITES,0:00:00,6:00:00
1-May,14,17,103815,7-11 INSULAR BAKERY,0:00:00,6:00:00
1-May,14,18,103833,7-11 ST1077 E. LUXURY ONE,0:00:00,6:00:00
1-May,14,19,103826,7-11 ST745 ANTEL SPA RESIDENCES,0:00:00,6:00:00
1-May,14,20,103643,7-11 ST1848 KNIGHTS BRIDGE,0:00:00,6:00:00
1-May,14,21,107751,7-11 ST2131 SALAMANCA,0:00:00,6:00:00
1-May,14,22,108204,7-11 ST2315 LOURDES SUITES,0:00:00,6:00:00
1-May,14,23,103824,7-11 MAKATI AVENUE,0:00:00,6:00:00
1-May,14,24,106589,7-11 ST2143 JUPITER 2,0:00:00,6:00:00
1-May,14,25,100555,7-11 N GARCIA,0:00:00,6:00:00
1-May,14,27,103819,7-11 ST401 PHILCOM,0:00:00,6:00:00
1-May,14,28,100476,7-11 ST278 SAGUITARIUS,0:00:00,6:00:00
1-May,14,29,103831,7-11 ST1168 ACT TOWER,0:00:00,6:00:00
1-May,14,30,113004,7-11 GLOBAL ENTERPRISE,0:00:00,6:00:00
1-May,14,31,103820,7-11 TORDESILLAS,0:00:00,6:00:00
1-May,14,32,103827,7-11 ST869 FINMAN CENTRE,0:00:00,6:00:00
1-May,14,33,103829,7-11 ST1224 V. CORPORATE CTR.,0:00:00,6:00:00
1-May,14,34,100489,7-11 ST311 PDCP,0:00:00,6:00:00
1-May,14,35,100478,7-11 RCBC,0:00:00,6:00:00
1-May,14,36,100454,7-11 ST229 CITYLAND 10,0:00:00,6:00:00
1-May,14,37,100487,7-11 AYALA FGU,0:00:00,6:00:00
1-May,14,38,100463,7-11 ST251 NOBEL,0:00:00,6:00:00
1-May,14,39,100703,7-11 139 CORPORATE CENTER,0:00:00,6:00:00
1-May,14,40,100451,7-11 ST213 PARKVEW,0:00:00,6:00:00
1-May,14,41,100550,7-11 TARAG,0:00:00,6:00:00
1-May,14,42,103784,7-11 ST1945 ONE CORP PLAZA,0:00:00,6:00:00
1-May,14,43,100455,7-11 ST1945 CORPORATE,0:00:00,6:00:00
1-May,14,44,100622,7-11 ST804 AMORSOLO,0:00:00,6:00:00
1-May,14,45,100553,7-11 HERCO,0:00:00,6:00:00
1-May,14,46,100704,7-11 ST1278 ETON GREENBELT PARKVIEW,0:00:00,6:00:00
1-May,14,47,108203,7-11 ST2336 CHARTER HOUSE,0:00:00,6:00:00
1-May,14,48,100581,7-11 BSA TOWER,0:00:00,6:00:00
1-May,14,49,103783,7-11 ST1338 PRINCE PLAZA 2,0:00:00,6:00:00
1-May,14,50,108525,7-11 ST2405 LV LOCSIN,0:00:00,6:00:00
1-May,14,51,100486,7-11 ST303 ASIAN MANSION,0:00:00,6:00:00
1-May,14,52,100795,7-11 ST1565 VA RUFINO,0:00:00,6:00:00
1-May,14,53,100770,7-11 SOMERSET,0:00:00,6:00:00
1-May,15,1,100808,7-11 ST1763 PHOENIX AMANG RODRIGUEZ,0:00:00,6:00:00
1-May,15,2,109786,7-11 ST2546 TRAMO PASIG,0:00:00,6:00:00
1-May,15,3,107283,7-11 ST2320 DE CASTRO PASIG,0:00:00,6:00:00
1-May,15,4,100563,7-11 LIFE HOMES,0:00:00,6:00:00
1-May,15,5,100557,7-11 ROSARIO 2,0:00:00,6:00:00
1-May,15,6,107045,7-11 ST2245 SORRENTO,0:00:00,6:00:00
1-May,15,7,100796,7-11 ST1555 CPI C. RAYMUNDO,0:00:00,6:00:00
1-May,15,8,100761,7-11 ST1193 SIXTO AVENUE,0:00:00,6:00:00
1-May,15,9,100561,7-11 SIXTO A AVE,0:00:00,6:00:00
1-May,15,10,100549,7-11 C. RAYMUNDO,0:00:00,6:00:00
1-May,15,11,108645,7-11 ST2321 SACRED HEART PASIG,0:00:00,6:00:00
1-May,15,12,107048,7-11 ST1986 EVERGREEN,0:00:00,6:00:00
1-May,15,13,100583,7-11 MERCEDES AVENUE,0:00:00,6:00:00
1-May,15,14,112966,7-11 SAGAD PASIG,0:00:00,6:00:00
1-May,15,15,100407,7-11 ST76 SIXTO ANTONIO,0:00:00,6:00:00
1-May,15,16,100466,7-11 ST248 PASIG MEGA,0:00:00,6:00:00
1-May,15,17,100620,7-11 ST802 MARKET AVENUE,0:00:00,6:00:00
1-May,15,18,106357,7-11 ST2100 F. MANALO PASIG,0:00:00,6:00:00
1-May,15,19,100834,7-11 ST1783 PASIG CHURCH,0:00:00,6:00:00
1-May,15,20,100406,7-11 PASIG,0:00:00,6:00:00
1-May,15,21,100688,7-11 ST1262 CPI C5 UGONG,0:00:00,6:00:00
1-May,15,22,106089,7-11 ST1941 SHINE RESIDENCES,0:00:00,6:00:00
1-May,15,23,100730,7-11 MARCO POLO,0:00:00,6:00:00
1-May,15,24,100714,7-11 ST1341 AIC EMPIRE SAPPHIRE,0:00:00,6:00:00
1-May,15,25,100488,7-11 ST309 AIC GALLERIA,0:00:00,6:00:00
1-May,15,26,100508,7-11 ST421 AIC GOLD,0:00:00,6:00:00
1-May,15,27,107051,7-11 ST2192 ORTIGAS PARK,0:00:00,6:00:00
1-May,15,28,100521,7-11 WYNSUM,0:00:00,6:00:00
1-May,15,29,100475,7-11 ST237 ORIENT SQUARE,0:00:00,6:00:00
1-May,15,30,103671,7-11 ST1971 ST. FRANCIS,0:00:00,6:00:00
1-May,15,31,100724,7-11 ST1342 BSA TWIN TOWERS,0:00:00,6:00:00
1-May,15,33,100497,7-11 ST350 PACIFIC CENTER,0:00:00,6:00:00
1-May,15,34,107049,7-11 ST2273 ABERLANDO PLAZA,0:00:00,6:00:00
1-May,15,35,100481,7-11 ST285 EMERALD,0:00:00,6:00:00
1-May,15,36,100490,7-11 ST318 PEARL DRIVE,0:00:00,6:00:00
1-May,15,38,106646,7-11 ST2129 TEKTITE TOWER,0:00:00,6:00:00
1-May,16,1,103675,7-11 GRAND RIVIERA SUITES ST1422,0:00:00,6:00:00
1-May,16,2,107182,7-11 ST2226 MABINI 3,0:00:00,6:00:00
1-May,16,3,103873,7-11 MH DEL PILAR,0:00:00,6:00:00
1-May,16,4,103878,7-11 ST312 US EMBASSY,0:00:00,6:00:00
1-May,16,5,103893,7-11 ETON BAYPARK MANILA ST1416,0:00:00,6:00:00
1-May,16,6,103886,7-11 MAYFAIR TOWER,0:00:00,6:00:00
1-May,16,7,103875,7-11 ST168 KIMMEE,0:00:00,6:00:00
1-May,16,8,103876,7-11 OROSA,0:00:00,6:00:00
1-May,16,10,103889,7-11 SOTTO (EX MS),0:00:00,6:00:00
1-May,16,11,103874,7-11 UN AVENUE,0:00:00,6:00:00
1-May,16,12,103891,7-11 ST1290 NATIVIDAD LOPEZ,0:00:00,6:00:00
1-May,16,13,103887,7-11 ST770 MANILA CITY HALL,0:00:00,6:00:00
1-May,16,14,103877,7-11 ST239 PARK AND RIDE,0:00:00,6:00:00
1-May,16,15,103882,7-11 ST458 SAN MARCELINO,0:00:00,6:00:00
1-May,16,16,103807,7-11 LEGARDA ARLEGUI ST1481,0:00:00,6:00:00
1-May,16,17,103789,7-11 ST226 LEGARDA,0:00:00,6:00:00
1-May,16,18,103806,7-11 SAN BEDA,0:00:00,6:00:00
1-May,16,19,101195,7-11 ST4 NAGTAHAN,0:00:00,6:00:00
1-May,16,20,103791,7-11 ST332 LEGARDA 2,0:00:00,6:00:00
1-May,16,21,103808,7-11 UNIVERSITY OF MANILA ST1513,0:00:00,6:00:00
1-May,16,22,103796,7-11 GASTAMBIDE,0:00:00,6:00:00
1-May,16,23,103798,7-11 EARNSHAW (401 BLDG),0:00:00,6:00:00
1-May,16,24,103811,7-11 ST1682 BUSTILLOS,0:00:00,6:00:00
1-May,16,25,103797,7-11 NATIONAL UNIVERSITY,0:00:00,6:00:00
1-May,16,26,109259,7-11 ST2563 CAYCO,0:00:00,6:00:00
1-May,16,27,101307,7-11 ST1198 S.H. LOYOLA,0:00:00,6:00:00
1-May,16,28,101327,7-11 ST1603 S.H. LOYOLA 2,0:00:00,6:00:00
1-May,16,29,108664,7-11 ST2451 FAJARDO,0:00:00,6:00:00
1-May,16,30,101316,7-11 G. TUAZON 3,0:00:00,6:00:00
1-May,16,31,103793,7-11 G TUAZON 2,0:00:00,6:00:00
1-May,16,32,101337,7-11 ST1735 LRT V. MAPA,0:00:00,6:00:00
1-May,16,33,103872,7-11 ST8 ADRIATICO,0:00:00,6:00:00
1-May,16,34,103879,7-11 ST336 PADRE FAURA,0:00:00,6:00:00
1-May,16,35,103885,7-11 MANILA EXECUTIVE REGENCY,0:00:00,6:00:00
1-May,16,36,103895,7-11 ST1630 MARIA OROSA 2,0:00:00,6:00:00
1-May,16,37,103896,7-11 ST1841 MARIA OROSA 3,0:00:00,6:00:00
1-May,16,38,107166,7-11 ST2217 PAORE FAURA 2,0:00:00,6:00:00
1-May,17,1,100768,7--11 THE STRIP MERALCO ST1510,0:00:00,6:00:00
1-May,17,2,100818,7-11 ST1709 CONECTICUT 2,0:00:00,6:00:00
1-May,17,3,100482,7-11 ST301 ANNAPOLIS,0:00:00,6:00:00
1-May,17,4,100832,7-11 GOLD LAND TOWER ST1365,0:00:00,6:00:00
1-May,17,5,100540,7-11 MCKINLEY,0:00:00,6:00:00
1-May,17,6,100492,7-11 XAVIER,0:00:00,6:00:00
1-May,17,7,100800,7-11 ST1656 MAXSTEEL BLDG,0:00:00,6:00:00
1-May,17,8,100417,7-11 ST158 N. DOMINGO,0:00:00,6:00:00
1-May,17,9,100813,7-11 ST1622 N.DOMINGO 2,0:00:00,6:00:00
1-May,17,10,101353,7-11 ST1543 JT CENTRALE FUGOSO,0:00:00,6:00:00
1-May,17,11,106641,7-11 ST2215 BAMBANG,0:00:00,6:00:00
1-May,17,12,101312,7-11 ST1320 CPI TAYUMAN,0:00:00,6:00:00
1-May,17,13,101197,7-11 ST86 TAYUMAN,0:00:00,6:00:00
1-May,17,14,101214,7-11 ST1925 DOROTEO JOSE,0:00:00,6:00:00
1-May,17,15,101351,7-11 ST1925 D. JOSE 2,0:00:00,6:00:00
1-May,17,16,101232,7-11 ST362 T. MAPUA,0:00:00,6:00:00
1-May,17,17,101286,7-11 ST988 MS ONGPIN,0:00:00,6:00:00
1-May,17,18,101304,7-11 ST1176 BUSTOS (STA. CRUZ),0:00:00,6:00:00
1-May,17,19,101340,7-11 ESCOLTA TWIN TOWERS ST1527,0:00:00,6:00:00
1-May,17,20,101335,7-11 RIVERVIEW MANSION ST1528,0:00:00,6:00:00
1-May,17,21,101264,7-11 BURKE QUINTIN PAREDES,0:00:00,6:00:00
1-May,17,22,101334,7-11 ST1599 ONGPIN 2,0:00:00,6:00:00
1-May,17,23,101252,7-11 BINONDO,0:00:00,6:00:00
1-May,17,24,101342,7-11 ST1799 NUMANCIA,0:00:00,6:00:00
1-May,17,25,112441,7-11 ST2616 I PACIFIC RESIDENCES,0:00:00,6:00:00
1-May,17,26,106639,7-11 ST2183 STO CRISTO RECTO,0:00:00,6:00:00
1-May,17,27,101322,7-11 JUAN LUNA ST1501,0:00:00,6:00:00
1-May,17,28,101273,7-11 ST821 CITYPLACE SQUARE BINONDO,0:00:00,6:00:00
1-May,17,29,101300,7-11 ST1137 CINTELEY,0:00:00,6:00:00
1-May,17,30,101194,7-11 ST45 GAGALANGIN (TONDO),0:00:00,6:00:00
1-May,17,31,107055,7-11 ST2255 GAGALANGIN 2,0:00:00,6:00:00
1-May,17,32,101274,7-11 ST782 SEAOIL PRITIL,0:00:00,6:00:00
1-May,17,33,101266,7-11 MORIONES,0:00:00,6:00:00
1-May,17,34,101331,7-11 ST1634 MARY JOHNSTON,0:00:00,6:00:00
1-May,17,35,101279,7-11 ST860 ASUNCION,0:00:00,6:00:00
1-May,17,36,109717,7-11 ST2634 DELPAN,0:00:00,6:00:00
1-May,17,37,101198,7-11 ST98 YLAYA,0:00:00,6:00:00
1-May,17,38,101228,7-11 ST295 KINGS PLAZA,0:00:00,6:00:00
1-May,18,1,100767,7-11 CAPITOL DRIVE ST1451,0:00:00,6:00:00
1-May,18,2,100610,7-11 ST797 OLD BALARA,0:00:00,6:00:00
1-May,18,3,100659,7-11 ST1083 NEW ERA,0:00:00,6:00:00
1-May,18,4,100862,7-11 ST1981 L-PASEO (UP DILIMAN),0:00:00,6:00:00
1-May,18,5,108076,7-11 ST2385 PARAGON PLACE,0:00:00,6:00:00
1-May,18,6,100575,7-11 CITY OIL FAIRVIEW,0:00:00,6:00:00
1-May,18,7,100701,7-11 CPI REGALADO,0:00:00,6:00:00
1-May,18,8,100702,7-11 ST1184 ATHERTON,0:00:00,6:00:00
1-May,18,9,109494,7-11 ST2507 PESETA,0:00:00,6:00:00
1-May,18,10,100431,7-11 ZABARTE,0:00:00,6:00:00
1-May,18,11,100851,7-11 ST1937 VILLA VERDE,0:00:00,6:00:00
1-May,18,12,100693,7-11 ST992 RL MALL,0:00:00,6:00:00
1-May,18,13,100852,7-11 ST1933 NOVAVILLE,0:00:00,6:00:00
1-May,18,14,108079,7-11 ST2184 LAWANG BATO,0:00:00,6:00:00
1-May,18,15,100734,7-11 KAYBIGA,0:00:00,6:00:00
1-May,18,16,100636,7-11 ST902 SITIO GITNA,0:00:00,6:00:00
1-May,18,17,100655,7-11 ST1051 CALIFORNIA VILLAGE,0:00:00,6:00:00
1-May,18,18,100814,7-11 ST1764 REBISCO,0:00:00,6:00:00
1-May,18,19,108078,7-11 ST1998 CAPRI,0:00:00,6:00:00
1-May,18,20,107314,7-11 ST2308 JORDAN HEIGHTS,0:00:00,6:00:00
1-May,18,21,107313,7-11 ST2065 LLANO ROAD,0:00:00,6:00:00
1-May,18,22,108845,7-11 ST2199LLANO ELEMENTARY,0:00:00,6:00:00
1-May,18,23,100426,7-11 NOVALICHES,0:00:00,6:00:00
1-May,18,24,100452,7-11 ST217 NOVA 3,0:00:00,6:00:00
1-May,18,25,100428,7-11 ST160 SAN BARTOLOME,0:00:00,6:00:00
1-May,18,26,100678,7-11 ST1186 BAGBAG,0:00:00,6:00:00
1-May,18,27,100683,7-11 ST1061 KINGSPOINT,0:00:00,6:00:00
1-May,18,29,100760,7-11 ST1553 CPI SAUYO,0:00:00,6:00:00
1-May,18,30,100842,7-11 ST1920 MAPAYAPA,0:00:00,6:00:00
1-May,18,31,100697,7-11 JETTIE DAHLIA,0:00:00,6:00:00
1-May,18,32,109508,7-11 ST2490 THE ROLEX PLACE,0:00:00,6:00:00
1-May,18,33,100685,7-11 ST1140 REGALADO HIVE,0:00:00,6:00:00
1-May,19,1,100856,7-11 ST1974 TANONG MARIKINA,0:00:00,6:00:00
1-May,19,2,100500,7-11 ST367 RIVERBANKS,0:00:00,6:00:00
1-May,19,3,100617,7-11 ST801 RIVERBANKS 2,0:00:00,6:00:00
1-May,19,4,100667,7-11 ST1097 CALTEX AURORA,0:00:00,6:00:00
1-May,19,5,100755,7-11 A. SQUARE ANONAS ST1395,0:00:00,6:00:00
1-May,19,6,100649,7-11 WORLD CITI,0:00:00,6:00:00
1-May,19,7,100474,7-11 ST276 HANSEL,0:00:00,6:00:00
1-May,19,8,100464,7-11 ST250 AURORA,0:00:00,6:00:00
1-May,19,9,100502,7-11 ST383 MAYA,0:00:00,6:00:00
1-May,19,10,100854,7-11 ST1861 NEPA Q MART,0:00:00,6:00:00
1-May,19,11,100493,7-11 ST323 GMA 7,0:00:00,6:00:00
1-May,19,12,100728,7-11 TUNE HOTEL QC,0:00:00,6:00:00
1-May,19,13,100494,7-11 ST330 IMPERIAL,0:00:00,6:00:00
1-May,19,14,100595,7-11 EL JARDIN DE PRESIDENTE,0:00:00,6:00:00
1-May,19,15,100444,7-11 QUEZON AVENUE,0:00:00,6:00:00
1-May,19,16,100783,7-11 ST1623 FRANCESCA TOWER,0:00:00,6:00:00
1-May,19,17,100496,7-11 R. MAGSAYSAY,0:00:00,6:00:00
1-May,19,18,100425,7-11 ST165 SUPER LINES,0:00:00,6:00:00
1-May,19,19,100457,7-11 ST268 ARAYAT 2,0:00:00,6:00:00
1-May,19,20,108653,7-11 ST2358 CORP PINATUBO,0:00:00,6:00:00
1-May,19,21,107310,7-11 ST2296 LRT CUBAO,0:00:00,6:00:00
1-May,19,22,100732,7-11 ST1257 MANHATTAN PARKVIEW,0:00:00,6:00:00
1-May,19,23,100605,7-11 ST763 MANHATTAN PARKWAY,0:00:00,6:00:00
1-May,19,24,100604,7-11 ST762 SUPER CENTER,0:00:00,6:00:00
1-May,19,25,112438,7-11 ST2625 MANHATTAN HEIGHTS,0:00:00,6:00:00
1-May,19,26,103674,7-11 ST2007 GATEWAY MALL,0:00:00,6:00:00
1-May,19,27,100711,7-11 ST1258 FARMERS PLAZA 2,0:00:00,6:00:00
1-May,19,28,100523,7-11 ST460 TELLUS ARANETA CENTER,0:00:00,6:00:00
1-May,19,29,108294,7-11 ST2301 CYBER PARK TOWER,0:00:00,6:00:00
1-May,19,30,106329,7-11 ST2096 UNION SQUARE 15TH AVE.,0:00:00,6:00:00
1-May,20,1,100491,7-11 ST307 MADRIGAL,0:00:00,6:00:00
1-May,20,2,103913,7-11 ST2080 PALANAN,0:00:00,6:00:00
1-May,20,3,100643,7-11 ST940 RADA,0:00:00,6:00:00
1-May,20,4,100516,7-11 STERLING CENTER,0:00:00,6:00:00
1-May,20,5,100527,7-11 ONE SOLARIS RETAIL 2,0:00:00,6:00:00
1-May,20,6,108296,7-11 ST2414 I CARE MAKATI,0:00:00,6:00:00
1-May,20,12,100827,7-11 ST1649 TUNE HOTEL - MAKATI,0:00:00,6:00:00
1-May,20,13,100484,7-11 ST300 CONVERGYS,0:00:00,6:00:00
1-May,20,14,108472,7-11 ST2263 ONE CENTRAL,0:00:00,6:00:00
1-May,20,15,100657,7-11 ST1015 ALPHA LAND MAKATI MALL,0:00:00,6:00:00
1-May,20,18,107165,7-11 ST2309 VICTORY HOTEL,0:00:00,6:00:00
1-May,20,19,100833,7-11 CHINO ROCES ST1420,0:00:00,6:00:00
1-May,20,20,100712,7-11 ST1279 BEACON,0:00:00,6:00:00
1-May,20,21,100506,7-11 ST2207 DON BOSCO,0:00:00,6:00:00
1-May,20,22,100855,7-11 ST1780 WILCON IT HUB,0:00:00,6:00:00
1-May,20,23,109563,7-11 ST2247 SAN LORENZO PLACE,0:00:00,6:00:00
1-May,20,24,101206,7-11 EVANGELISTA,0:00:00,6:00:00
1-May,20,25,100705,7-11 ST1340 EVANGELISTA 2,0:00:00,6:00:00
1-May,20,26,108073,7-11 ST2149 BANGKAL 2,0:00:00,6:00:00
1-May,20,27,100664,7-11 ST1100 PTT OSMENIA,0:00:00,6:00:00
1-May,20,28,100469,7-11 ST243 MERVILLE,0:00:00,6:00:00
1-May,20,29,107167,7-11 ST2292 EDISON AVE.,0:00:00,6:00:00
1-May,20,30,112440,7-11 ST2650 AMAIA BICUTAN,0:00:00,6:00:00
1-May,20,31,100568,7-11 BETTERLIVING 3,0:00:00,6:00:00
1-May,20,32,100582,7-11 BETTERLIVING 4,0:00:00,6:00:00
1-May,21,3,102021,MD VICTORY LINER PASAY,0:30:00,1:00:00
1-May,21,4,109791,SH MALIBAY,0:00:00,6:00:00
1-May,21,5,107176,MD MRT TAFT AVE.,1:00:00,1:30:00
1-May,21,6,107042,SMFA PARK AVE. PASAY,0:00:00,6:00:00
1-May,21,7,103721,SH EDSA HERITAGE,0:00:00,6:00:00
1-May,21,8,107742,SMFA FB HARRISON CUNETA,0:00:00,6:00:00
1-May,21,9,103900,MD MAHAL KITA DRIVE INN TAFT,4:30:00,5:00:00
1-May,21,10,103905,MD LRT BACLARAN STATION,4:30:00,5:00:00
1-May,21,11,107134,7-11 ST2254 TAMBO 2,0:00:00,6:00:00
1-May,21,13,102045,BAYVIEW PETRON SERVICE CENTER,0:00:00,6:00:00
1-May,21,17,112758,MD TRO-SPE VICTORY FOOD MARKET BACLARAN,0:30:00,1:00:00
1-May,21,18,102467,PETROLEUM DISTRIBUTORS & SVCS CORP,0:00:00,6:00:00
1-May,21,19,100097,MD OLD DOMESTIC,1:00:00,1:30:00
1-May,21,20,102008,MD AIRPORT TERMINAL 2,1:30:00,2:00:00
1-May,21,21,112400,MD ATIN ITO NAIA 1,1:30:00,2:00:00
1-May,21,24,102532,MAGALLANES MGMT2,0:00:00,6:00:00
1-May,21,25,101680,PETRON CITY FILL,0:00:00,6:00:00
1-May,21,26,ZP00043,ZAPP  OBJEE,0:00:00,1:00:00
1-May,21,29,101247,7-11 TAMBO COASTAL,0:00:00,6:00:00
1-May,21,30,109695,7-11 ST2565 CITY OF DREAMS 2,0:00:00,6:00:00
1-May,21,31,108436,7-11 ST2400 CITY OF DREAMS,0:00:00,6:00:00
1-May,21,32,101215,7-11 ST185 GLOBAL,0:00:00,6:00:00
1-May,21,33,402215,"MD SHOP, KFC MD NAIA 3",5:30:00,6:00:00
1-May,21,37,100096,MD AMB MULTINATIONAL,7:00:00,7:30:00
1-May,21,38,ZP00416,ZAPP SLT CAAP PASAY,6:00:00,7:00:00
1-May,21,39,ZP00034,ZAPP SLT ALDANA,7:30:00,8:00:00
1-May,21,40,107091,MD PUREGOLD PARANAQUE,8:30:00,9:00:00
1-May,22,1,107155,LAWSON - MAGSAYSAY,0:00:00,6:00:00
1-May,22,2,102426,MD MAGSAYSAY,0:00:00,1:00:00
1-May,22,3,108697,MD SUPER 8 TAYTAY RIZAL,1:30:00,1:50:00
1-May,22,4,101475,MD PARCO ANGONO,2:00:00,2:20:00
1-May,22,5,101642,MD PANTOK,2:30:00,2:45:00
1-May,22,6,ZP00513,Zapp Binangonan Ferry Terminal Rizal,3:00:00,3:15:00
1-May,22,7,102524,MD BINANGONAN 2,3:20:00,3:40:00
1-May,22,8,108521,SMFA MORONG,3:50:00,4:00:00
1-May,22,9,100675,7-11 ST1150 BARAS,0:00:00,6:00:00
1-May,22,11,100845,7-11 ST1845 TANAY POBLACION,0:00:00,6:00:00
1-May,22,12,106355,7-11 ST1997 TANAY SAMPALOC,0:00:00,6:00:00
1-May,22,13,100609,7-11 ST772 TANAY 2,0:00:00,6:00:00
1-May,22,14,109261,7-11 ST2545 PILILLA,0:00:00,6:00:00
1-May,22,15,107120,SMFA TANAY,4:30:00,4:40:00
1-May,22,19,101464,MD TANAY RIZAL,5:30:00,6:00:00
1-May,22,20,ZP00247,Zapp Chilichan Asian Bistro Morong,6:30:00,7:00:00
1-May,22,21,ZP01406,Zapp J4 CMB Store Teresa,7:00:00,8:00:00
1-May,22,23,ZP00969,Zapp Macmel Store Teresa,7:00:00,8:00:00
1-May,22,24,ZP01430,Zapp Mary Store Antipolo,7:00:00,8:00:00
1-May,23,1,ZP01375,Zapp Cainta Public Market,2:00:00,3:00:00
1-May,23,2,109898,SMFA CDV PETRON STATION,2:00:00,3:00:00
1-May,23,3,ZP01404,Zapp Wandelicious Diner Cainta Rizal,2:00:00,3:00:00
1-May,23,4,108816,MD CAINTA ARDI MALL,3:20:00,3:40:00
1-May,23,5,108821,MD GREENLAND,3:45:00,4:00:00
1-May,23,6,108817,MD TAYTAY RIZAL,4:10:00,4:30:00
1-May,23,7,101474,MD MUZON-TAYTAY,4:30:00,5:00:00
1-May,23,8,109662,MD ROBLOU PLACE CAINTA,5:00:00,5:30:00
1-May,23,13,101640,MD TIKLING,6:30:00,6:40:00
1-May,23,15,100882,SMFA MANILA EAST,7:00:00,8:00:00
1-May,23,16,108775,MD PUREGOLD BINANGONAN RIZAL,7:00:00,7:20:00
1-May,23,17,100892,SMFA BINANGONAN TAYUMAN,7:00:00,8:00:00
1-May,23,18,102525,MD QUEZON AVE. ANGONO RIZAL,7:50:00,8:10:00
1-May,23,19,108535,MD PUREGOLD TAYTAY RIZAL,8:30:00,9:00:00
1-May,24,1,112913,SH DMMA FERIA NORTHBOUND,1:30:00,2:00:00
1-May,24,2,100898,MD SAVEMORE FERIA (FOOD BOOTH COR,1:30:00,2:00:00
1-May,24,3,101829,MD BATASAN TERMINAL,2:00:00,2:20:00
1-May,24,4,101480,MD LITEX,2:30:00,3:00:00
1-May,24,5,100894,MD SAVEMORE LITEX GROCERY,2:30:00,3:00:00
1-May,24,6,ZP00010,ZAPP LITEX 3,3:00:00,4:00:00
1-May,24,7,ZP00418,ZAPP ANGELU BURGER,3:00:00,4:00:00
1-May,24,10,108865,SH DAHLIA AVE FAIRVIEW,0:00:00,6:00:00
1-May,24,11,ZP00103,ZAPP BLUE BASKET,3:00:00,4:00:00
1-May,24,12,106822,SH DMMA NORTH FAIRVIEW QC COSS,0:00:00,6:00:00
1-May,24,14,101661,PETRON ATHERTON,0:00:00,6:00:00
1-May,24,16,ZP00008,ZAPP PANGARAP CALOOCAN,3:00:00,4:00:00
1-May,24,17,100897,MD SAVEMORE BAGONG SILANG,5:00:00,5:30:00
1-May,24,18,109849,MD IMALL KIKO CAMARIN,5:30:00,6:00:00
1-May,24,23,100607,7-11 DEPARO 1,0:00:00,6:00:00
1-May,24,24,100841,7-11 ST1899 KABATUHAN DEPARO,0:00:00,6:00:00
1-May,24,25,108077,7-11 ST2327 BIGNAY LLANO ROAD,0:00:00,6:00:00
1-May,24,26,107132,7-11 ST2062 PUNTURIN VALENZUELA,0:00:00,6:00:00
1-May,24,28,108175,7-11 ST2295 TIERRA NOVA,0:00:00,6:00:00
1-May,24,29,100847,7-11 ST1934 MERABELA HOMES,0:00:00,6:00:00
1-May,24,30,102221,MD PUREGOLD DE PARO,8:00:00,8:30:00
1-May,25,1,100397,MD EDSA MAC ARTHUR,2:30:00,3:00:00
1-May,25,4,100518,7-11 ST449 EASTWOOD 2,0:00:00,6:00:00
1-May,25,5,100784,7-11 ST1598 IBM PLAZA EASTWOOD,0:00:00,6:00:00
1-May,25,6,100543,7-11 EASTWOOD 3,0:00:00,6:00:00
1-May,25,7,103915,7-11 WHITEPLAINS ST1767,0:00:00,6:00:00
1-May,25,8,100420,7-11 MURPHY,0:00:00,6:00:00
1-May,25,9,101852,MD VICTORY LINER CUBAO,2:00:00,3:00:00
1-May,25,10,100070,MD MRT GROUND FLOOR CUBAO,3:00:00,3:30:00
1-May,25,12,100069,MD ACT THEATER,3:00:00,3:30:00
1-May,25,14,107236,MD BICOL ISAROG BUS TERMINAL,4:00:00,5:00:00
1-May,25,15,102404,MD EDSA MONTE DE PIEDAD,4:00:00,4:30:00
1-May,25,17,113210,MD FIVE STAR TERMINAL CUBAO 2,2:00:00,3:00:00
1-May,25,18,112713,MD FIVE STAR CUBAO TERMINAL,2:00:00,3:00:00
1-May,25,22,401105,"KFC, STORE ROCES",6:30:00,7:00:00
1-May,25,23,113245,MD PUREGOLD QI CENTRAL,8:30:00,9:00:00
1-May,26,2,107282,LAWSON - LEGARDA,0:00:00,6:00:00
1-May,26,3,ZP00721,ZAPP DE PRITIL MARKET,2:00:00,3:00:00
1-May,26,4,ZP00763,ZAPP DE CHESA,2:00:00,3:00:00
1-May,26,6,109193,MD NORTH PORT,2:00:00,2:30:00
1-May,26,7,ZP00328,ZAPP LAKANDULA,3:00:00,4:00:00
1-May,26,8,ZP00512,ZAPP EMMIE ALVIN  STORE SEVILLA,1:30:00,2:00:00
1-May,26,9,ZP01015,Zapp SLT Divisoria Mall Manila,8:00:00,9:00:00
1-May,26,12,106258,MD LRT 2 RECTO 3RD FLOOR,4:30:00,5:00:00
1-May,26,13,109291,MD LRT DOROTEO JOSE NORTH BOUND,5:00:00,5:30:00
1-May,26,14,109292,MD LRT DOROTEO JOSE SOUTH BOUND,5:00:00,5:30:00
1-May,26,17,109399,MD ISETTAN CARRIEDO,6:40:00,7:00:00
1-May,26,18,102306,MD SAVEMORE NAGTAHAN,7:45:00,8:00:00
1-May,26,19,109400,MD TUTUBAN CENTER,8:30:00,9:00:00
1-May,26,20,113285,SPE LIANAS EARNSHAW,9:00:00,9:30:00
1-May,27,1,100891,SMFA KATIPUNAN,0:00:00,6:00:00
1-May,27,3,101679,BOTICA PINOY ATBP - VILLONGCO,3:30:00,4:00:00
1-May,27,4,106990,MD COMMONWEALTH TERMINAL,4:00:00,4:20:00
1-May,27,5,100896,MD BF SARI SARI STORE,4:30:00,4:45:00
1-May,27,10,112312,SH CONGRESSIONAL EXT QC,0:00:00,6:00:00
1-May,27,11,ZP00111,ZAPP VARIEGAT,0:00:00,6:00:00
1-May,27,19,109719,SMFA TANDANG SORA,0:00:00,6:00:00
1-May,27,20,112914,SMFA STA. QUITERIA,0:00:00,6:00:00
1-May,27,21,108873,MD KEMP MART CALOOCAN,7:00:00,7:30:00
1-May,27,24,109353,MD PUREGOLD VALENZUELA,8:30:00,8:45:00
1-May,27,25,102210,MD PUREGOLD PASO DE BLAS,9:00:00,9:45:00
1-May,27,26,ZP00360,ZAPP LORENZO LINGUNAN,9:45:00,10:00:00
1-May,27,27,ZP00509,ZAPP MAGNOLIA PLACE,10:00:00,11:00:00
1-May,28,8,100094,MD JAC LINER BUENDIA,3:15:00,3:35:00
1-May,28,9,109321,MD LRT GIL PUYAT NORTH WING,3:45:00,4:00:00
1-May,28,10,109322,MD LRT GIL PUYAT SOUTH WING,3:45:00,4:00:00
1-May,28,13,108844,MD JAM BUS TERMINAL BUENDIA,4:00:00,4:15:00
1-May,28,15,109707,MD VMALL LIBERTAD PASAY,4:20:00,4:35:00
1-May,28,17,106305,ALFAMART SHELL RESIDENCES 9,0:00:00,6:00:00
1-May,28,18,106596,ALFAMART FIVE ECOM CENTER 1920,0:00:00,6:00:00
1-May,28,19,103564,ALFAMART MOA TASTE ASIA,0:00:00,6:00:00
1-May,28,22,107043,ALFAMART MAAX PASAY,0:00:00,6:00:00
1-May,28,24,103565,ALFAMART SEA RESIDENCES,0:00:00,6:00:00
1-May,28,28,109720,SH MACAPAGAL BELLA PQUE,0:00:00,6:00:00
1-May,28,32,103902,MD METROPOINT MALL 2ND LEVEL,5:30:00,6:00:00
1-May,28,34,113316,7-11 ST2887 W MALL,0:00:00,6:00:00
1-May,29,1,100584,7-11 WEST REMBO,0:00:00,6:00:00
1-May,29,3,100044,MD ABC GUADALUPE,3:00:00,4:00:00
1-May,29,4,101458,MD RAMON MAGSAYSAY,3:00:00,4:00:00
1-May,29,5,109471,BUDGET MART - GUADALUPE,0:00:00,6:00:00
1-May,29,6,102304,MD PUREGOLD MAKATI,9:00:00,9:30:00
1-May,29,15,109323,MD LRT PEDRO GIL SOUTH BOUND,5:00:00,5:30:00
1-May,29,17,106824,SH UNITED NATIONS PEREZ COSS,5:00:00,6:00:00
1-May,29,19,103884,7-11 PORT AREA - PTT CONV,0:00:00,6:00:00
1-May,29,20,103894,7-11 RESIDENCIA REAL ST1489,0:00:00,6:00:00
1-May,29,21,103881,7-11 ST334 OWWA 2,0:00:00,6:00:00
1-May,29,22,103888,7-11 LYCEUM(EX-MARITIME AGENCY,0:00:00,6:00:00
1-May,29,24,113087,7-11 LETRAN 2,0:00:00,6:00:00
1-May,29,25,106550,7-11 ST1570 BF CONDO (INTRAMUROS),0:00:00,6:00:00
1-May,29,26,103890,7-11 ST987 FERLAW,0:00:00,6:00:00
1-May,29,29,113244,MD SM MANILA LGF,7:00:00,7:30:00
1-May,29,30,107990,MD ROBINSONS MANILA,8:30:00,9:00:00
1-May,30,1,ZP02221,ZAPP TITA STORE/NOEL AND VANGIE,3:30:00,4:00:00
1-May,30,2,100056,MD JAC LINER KAMUNING W/ SPE,4:00:00,4:30:00
1-May,30,3,109351,MD JAM KAMUNING STATION,4:00:00,4:20:00
1-May,30,5,109721,SH QUEZON AVE EDSA BOUND,3:00:00,6:00:00
1-May,30,6,402232,"MD SHOP, EVER SUPERMARKET ROCES",8:00:00,8:20:00
1-May,30,7,109343,SH QUEZON AVE IBANK QC,4:00:00,6:00:00
1-May,30,8,101497,SHELL WEST TRIANGLE SERVICE STN,3:00:00,6:00:00
1-May,30,9,103713,SH W.A BALER,4:00:00,6:00:00
1-May,30,11,100055,MD SSG SUPERMARKET,4:45:00,5:00:00
1-May,30,17,101686,MD ROAD 1 PROJ 6,5:00:00,5:30:00
1-May,30,19,ZP00916,ZAPP SITIO MENDEZ,5:00:00,5:30:00
1-May,30,20,ZP01110,ZAPP TGP MISSSIONARY RD,5:00:00,5:30:00
1-May,30,21,109839,SH EDSA KAINGIN SBOUND QC,5:00:00,6:00:00
1-May,31,3,101826,MD COMEMBO,2:30:00,3:00:00
1-May,31,6,ZP00155,ZAPP PAG ASA TAGUIG,3:00:00,4:00:00
1-May,31,6,ZP00463,ZAPP MONSTER LUGAW,3:00:00,4:00:00
1-May,31,7,101515,SHELL C5 SERVICE STATION,4:00:00,4:30:00
1-May,31,9,109850,MD ST. LUKE BGC,5:00:00,6:00:00
1-May,31,10,101512,SHELL SHOP- BONIFACIO GLOBAL CITY,0:00:00,6:00:00
1-May,31,13,402225,"MD SHOP, GRAND HAMPTON",6:00:00,6:20:00
1-May,31,14,101724,MD MARKET MARKET TERMINAL,7:00:00,7:30:00
1-May,31,15,113097,MD TRO-SPE Market Market 3rd Floor,8:30:00,9:00:00
1-May,31,16,113352,BARNEYS BURGER,8:30:00,9:00:00
1-May,32,3,102399,MD GUADALUPE EDSA 2,3:00:00,3:20:00
1-May,32,4,101613,MD UNIMEC GUADALUPE,3:30:00,3:45:00
1-May,32,6,101610,MD LOYOLA GUADALUPE,3:50:00,4:10:00
1-May,32,7,103838,ENERCON FUEL SERVICES IN,0:00:00,6:00:00
1-May,32,13,100750,7-11 SALCEDO 2 ST1418,0:00:00,6:00:00
1-May,32,14,100756,7-11 GREENBELT MADISON ST1497,0:00:00,6:00:00
1-May,32,16,100459,7-11 ST258 HERRERA,0:00:00,6:00:00
1-May,32,18,100552,7-11 MARVIN PLAZA,0:00:00,6:00:00
1-May,32,19,107154,LAWSON - CHINO ROCES 2,0:00:00,6:00:00
1-May,32,20,100528,7-11 ST452 PIO DEL PILAR,0:00:00,6:00:00
1-May,32,21,108529,LAWSON CHINO ROCES 1,0:00:00,6:00:00
1-May,32,22,100586,7-11 WASHINGTON,0:00:00,6:00:00
1-May,32,23,108181,7-11 DELA ROSA ST 2397,0:00:00,6:00:00
1-May,32,26,101459,MD AYALA CONCOURSE,5:00:00,6:00:00
1-May,32,27,113049,MD TRO-SPE Park Square Terminal Makati,5:30:00,6:00:00
1-May,32,28,ZP01257,ZAPP YEN YEN MRKTG,6:00:00,6:30:00
1-May,33,25,103812,7-11 ST1819 BILIBID VIEJO,0:00:00,6:00:00
1-May,33,26,103795,7-11 ISABELLE DE HIDALGO,0:00:00,6:00:00
1-May,33,27,103792,7-11 R PAPA,0:00:00,6:00:00
1-May,33,28,103805,7-11 ST1336 FEU PAREDES,0:00:00,6:00:00
1-May,33,29,103790,7-11 ST275 FEU MORAYTA,0:00:00,6:00:00
1-May,33,30,103788,7-11 ST219 P. CAMPA,0:00:00,6:00:00
1-May,33,31,103800,7-11 ST884 GALICIA,0:00:00,6:00:00
1-May,33,32,109258,7-11 ST2418 MORET,0:00:00,6:00:00
1-May,33,33,106873,7-11 ST1560 ONE GRAND CENTRE,0:00:00,6:00:00
1-May,33,34,109692,7-11 ST2452 LACSON,0:00:00,6:00:00
1-May,33,35,ZP00227,ZAPP BRIELLE STORE,4:00:00,5:00:00
1-May,33,36,103794,7-11 ESPANA GRAND,0:00:00,6:00:00
1-May,33,37,103803,7-11 ST1248 P. NOVAL,0:00:00,6:00:00
1-May,33,39,112964,7-11 ST2349 P CAMPA 2,0:00:00,6:00:00
1-May,33,40,108202,7-11 ST2404 ASTURIAS 2,0:00:00,6:00:00
1-May,33,41,101313,7-11 DAPITAN 2,0:00:00,6:00:00
1-May,33,42,101226,7-11 ST329 DANGWA,0:00:00,6:00:00
1-May,33,43,101196,7-11 ST22 RETIRO,0:00:00,6:00:00
1-May,33,44,101192,7-11 ST101 BLUMENTRITT 2,0:00:00,6:00:00
1-May,33,45,101236,7-11 ST378 BLUMENTRITT 1,0:00:00,6:00:00
1-May,33,46,108205,7-11 ST2356 BLUMENTRITT 4,0:00:00,6:00:00
1-May,33,47,101191,7-11 ST102 HERMOSA,0:00:00,6:00:00
1-May,33,49,112690,7-11 ST2745 TAYUMAN 3,0:00:00,6:00:00
1-May,33,50,112719,7-11 ST2731 LTO TAYUMAN,0:00:00,6:00:00
1-May,33,51,101245,7-11 BPO SAN LAZARO VORTEX 1,0:00:00,6:00:00
1-May,33,52,106874,7-11 ST2109 WINFORD HOTEL,0:00:00,6:00:00
1-May,33,53,101543,MD GRAND MANILA OPERA HOTEL,5:00:00,5:30:00
1-May,33,54,102303,MD PUREGOLD TAYUMAN,8:30:00,9:00:00
1-May,33,55,107331,MD PNR BLUMENTRITT,9:00:00,9:20:00
1-May,33,56,101734,MD SM SAN LAZARO,9:30:00,10:00:00
1-May,35,2,109208,SH MINDANAO AVE,0:00:00,6:00:00
1-May,35,3,108449,7-11 ST2457 OLD SAUYO RD,0:00:00,6:00:00
1-May,35,4,100753,7-11 SAUYO ST1452,0:00:00,6:00:00
1-May,35,5,ZP00278,ZAPP OLD SAUYO MARKET,2:00:00,3:00:00
1-May,35,7,106360,7-11 ST1825 SPRING FIELD,0:00:00,6:00:00
1-May,35,8,100681,7-11 ST1156 RP GULOD,0:00:00,6:00:00
1-May,35,11,108075,7-11 ST2350 MC HOTEL,0:00:00,6:00:00
1-May,35,12,101637,MD SUSANO,3:30:00,5:30:00
1-May,35,13,101853,MD ZABARTE TOWN CENTER,7:45:00,8:00:00
1-May,35,14,109763,MD SHOP AND RIDE BULACAN,5:30:00,6:00:00
1-May,35,15,109797,MD SHOP AND RIDE STA MONICA,5:30:00,6:00:00
1-May,35,17,107119,SMFA AMPARO,7:00:00,8:00:00
1-May,35,18,102579,MD SM FAIRVIEW LGF,8:00:00,9:00:00
1-May,35,19,100000,MD SM FAIRVIEW TERMINAL,8:00:00,9:00:00
1-May,35,20,101478,MD VICAS,9:00:00,9:30:00
1-May,36,1,100874,SMFA ONE OASIS (CARL MICHAEL),0:00:00,6:00:00
1-May,36,2,101883,MD ALFONSO SUPERMARKET,2:30:00,3:00:00
1-May,36,4,109205,LAWSON - HAMPTON,3:00:00,4:00:00
1-May,36,5,ZP02220,ZAPP MAXIMO,3:00:00,4:00:00
1-May,36,6,100598,7-11 BAGONG ILOG,0:00:00,6:00:00
1-May,36,7,112566,SH C5 VALLE VERDE,4:00:00,6:00:00
1-May,36,8,101663,PETRON TREATS VALLE VERDE,5:00:00,6:00:00
1-May,36,9,106652,7-11 ST2165 THE GROVE ROCKWELL,0:00:00,6:00:00
1-May,36,10,101518,"CJ FERNANDEZ ENT, SHELL OASIS",3:00:00,6:00:00
1-May,36,11,100811,7-11 ST1688 SILVER CITY 2,0:00:00,6:00:00
1-May,36,12,100546,7-11 SILVER CITY,0:00:00,6:00:00
1-May,36,14,402203,"MD SHOP, GREENHILLS 3",4:00:00,4:30:00
1-May,36,15,109664,LAWSON EISENHOWER,0:00:00,6:00:00
1-May,36,19,ZP01401,ZAPP ST MARTIN PASIG,5:00:00,5:30:00
1-May,36,20,402201,"MD SHOP, SM MEGAMALL",7:00:00,8:00:00
1-May,36,21,402202,"MD SHOP, ROBINSONS GALLERIA",8:30:00,9:30:00
1-May,36,23,109246,SH DE CASTRO,9:00:00,10:00:00
1-May,36,24,113362,LAWSON RAFFLES,0:00:00,6:00:00
1-May,37,1,101489,SHELL IVANSON,0:00:00,6:00:00
1-May,37,2,ZP00130,ZAPP PROJECT 4,1:30:00,2:00:00
1-May,37,4,100450,7-11 ST215 CRAME,0:00:00,6:00:00
1-May,37,5,108437,7-11 ST2431 GARDEN SQUARE,0:00:00,6:00:00
1-May,37,8,100050,MD MRT QUEZON AVENUE,3:30:00,3:45:00
1-May,37,9,103714,SH BALINTAWAK,0:00:00,6:00:00
1-May,37,10,101881,MD JULIANA MARKET BALINTAWAK,3:45:00,4:00:00
1-May,37,11,101487,MD ZENCO CALOOCAN,4:00:00,4:30:00
1-May,37,12,ZP00184,ZAPP KAREN EATERY,4:00:00,5:00:00
1-May,37,13,102427,SHELL SPEEDWELL,0:00:00,6:00:00
1-May,37,16,101481,MD MALABON PUBLIC MARKET,5:00:00,5:30:00
1-May,37,19,106912,MD MERCURY AGORA,7:30:00,8:00:00
1-May,37,20,ZP00135,ZAPP AGORA NAVOTAS,8:00:00,9:00:00
1-May,37,21,109395,MD PUREGOLD NAVOTAS,8:30:00,8:45:00
1-May,37,22,101855,MD MALABON CITISQUARE,9:00:00,9:30:00
1-May,38,1,102466,MD FIVE STAR PASAY,3:00:00,4:00:00
1-May,38,2,103901,MD WINSTON LODGE,3:00:00,4:00:00
1-May,38,4,ZP00065,ZAPP KEANRICH,4:00:00,4:30:00
1-May,38,5,109341,MD PHILTRANCO PASAY,4:00:00,4:30:00
1-May,38,11,101305,7-11 ST1142 TAMBO,0:00:00,6:00:00
1-May,38,12,101234,7-11 ST381 DON GALO,0:00:00,6:00:00
1-May,38,13,101221,7-11 ST234 LA HUERTA,0:00:00,6:00:00
1-May,38,14,109510,7-11 ST2482 MANUYO UNO,0:00:00,6:00:00
1-May,38,16,109241,7-11 ST2541 CASA DE SEQUOIA,0:00:00,6:00:00
1-May,38,17,ZP00406,ZAPP OBAMOS LP,4:00:00,4:30:00
1-May,38,19,108201,SH NAGA ROAD PULANG LUPA,3:00:00,6:00:00
1-May,38,20,102460,MD BF RESORT LAS PINAS,5:00:00,5:30:00
1-May,38,21,ZP00740,ZAPP DE ZAPOTE RD LP,6:00:00,7:00:00
1-May,38,23,101721,MD LOZADA PUBLIC MARKET,6:30:00,7:00:00
1-May,38,24,109949,MD MARCOS ALVAREZ,6:30:00,7:00:00
1-May,39,1,113010,SH C5 FORT TAGUIG,0:00:00,6:00:00
1-May,39,2,107440,MD PNR FTI,7:30:00,8:00:00
1-May,39,3,100658,7-11 ST1068 CALTEX FTI,0:00:00,6:00:00
1-May,39,5,100100,MD FTI TERMINAL,6:00:00,7:00:00
1-May,39,6,ZP00116,ZAPP HERBS ST TAGUIG,5:00:00,6:00:00
1-May,39,7,100410,7-11 ST105 LOWER BICUTAN,0:00:00,6:00:00
1-May,39,8,ZP02169,ZAPP TCU 2,3:00:00,4:00:00
1-May,39,9,109470,BUDGET MART SIGNAL,3:00:00,4:00:00
1-May,39,10,107454,7-11 ST2211 CENTRAL BICUTAN,0:00:00,6:00:00
1-May,39,11,100625,7-11 ST841 UNITED PARANAQUE 2,0:00:00,6:00:00
1-May,39,12,107147,MD PNR BICUTAN,8:00:00,9:00:00
1-May,39,13,109260,7-11 ST2613 TANYAG TAGUIG,0:00:00,6:00:00
1-May,39,14,100857,7-11 ST1879 ACSIE,0:00:00,6:00:00
1-May,39,15,100409,7-11 ST80 MARCELO (BICUTAN),0:00:00,6:00:00
1-May,39,16,106091,7-11 ST2038 CPI WEST SROAD,0:00:00,6:00:00
1-May,39,19,100884,SMFA DONA SOLEDAD,0:00:00,6:00:00
1-May,39,21,108064,SH DONA SOLEDAD,0:00:00,6:00:00
1-May,39,26,ZP00046,Zapp Better Aid Paranaque,6:00:00,7:00:00
1-May,39,27,ZP02184,ZAPP SLT MIRDC CANTEEN TAGUIG,9:00:00,10:00:00
1-May,39,28,102012,MD BICUTAN TERMINAL,9:00:00,9:30:00
1-May,39,29,402218,"MD SHOP, SM BICUTAN",8:00:00,9:00:00
1-May,39,30,109469,BUDGET MART - BICUTAN,3:00:00,4:00:00
1-May,40,6,102224,MD STARMALL EDSA TERMINAL,4:45:00,5:00:00
1-May,40,8,101658,MD SULTAN,5:00:00,5:20:00
1-May,40,10,106588,SH EDSA BRGY BARRANCA,5:00:00,6:00:00
1-May,40,13,100095,MD SSG SUPERMARKET-STA.ANA,5:30:00,6:00:00
1-May,40,14,107224,MD MARKET PLACE KALENTONG,6:00:00,6:20:00
1-May,40,15,100389,MD AMOR KALENTONG,6:30:00,6:50:00
1-May,40,16,113098,MD KFC KALENTONG,7:00:00,7:30:00
1-May,40,17,109917,MD PUREGOLD AGORA SAN JUAN,8:00:00,8:20:00
1-May,40,19,102219,MD PUREGOLD KALENTONG,8:45:00,9:00:00
1-May,41,1,101675,OPTIMA WORLDWIDE GAS STN INC,3:00:00,6:00:00
1-May,41,11,106853,MD CITIMALL PHILCOA TERMINAL,6:30:00,7:00:00
1-May,41,12,102233,MD UP SHELL CENTER,6:00:00,7:00:00
1-May,41,14,ZP02253,ZAPP STO  NINO,7:00:00,8:00:00
1-May,41,15,102202,MD FAIRVIEW CENTER MALL,8:30:00,9:00:00
1-May,41,16,100879,SMFA COMM FAIRVIEW (AQUIVEL),9:00:00,10:00:00
1-May,41,17,102179,MD PUREGOLD COMMONWEALTH,9:00:00,9:30:00
1-May,41,18,102410,MD EVER GOTESCO COMMONWEALTH,9:30:00,10:00:00
1-May,41,19,100390,MD EVER COMMONWEALTH,9:30:00,10:00:00
1-May,41,20,ZP02269,Zapp Nanay Yuning Store NEU QC,3:00:00,4:00:00
1-May,42,1,ZP00675,ZAPP JHORITS EATERY,3:00:00,4:00:00
1-May,42,5,ZP00903,ZAPP KARANGALAN MARKET,3:00:00,4:00:00
1-May,42,7,ZP01438,ZAPP ROWENA STORE KARANGALAN,3:00:00,4:00:00
1-May,42,11,109554,SH MARCOS HIGHWAY DELAPAZ,4:00:00,6:00:00
1-May,42,12,109904,MD LRT 2 SANTOLAN STATION,4:00:00,4:30:00
1-May,42,14,ZP00748,Zapp NJ Dona Petra Talipapa,5:30:00,6:00:00
1-May,42,16,ZP00097,ZAPP MABEL STORE SAN MATEO,5:30:00,6:00:00
1-May,42,17,ZP00037,ZAPP CHAMPACA MARIKINA,5:30:00,6:00:00
1-May,42,18,112734,MD TRO-SPE ACC BLDG. SSS VILLAGE,6:00:00,6:20:00
1-May,42,21,ZP01318,ZAPP CUPANG,7:00:00,7:30:00
1-May,42,23,113033,MD TRO-SPE STA. LUCIA FOOD COURT,8:00:00,8:30:00
1-May,42,24,102205,MD SM MARIKINA,8:30:00,9:30:00
1-May,43,1,ZP01431,ZAPP Z LOG EASTBANK,3:00:00,4:00:00
1-May,43,5,106333,MD MMI BLDG PASIG ROTONDA,4:00:00,4:30:00
1-May,43,9,108869,MD PATEROS BAYAN,7:00:00,7:20:00
1-May,43,11,106668,MD SAN JOAQUIN JUNCTION PASIG,6:40:00,7:00:00
1-May,43,12,102413,MD MAGDALENA ARCADE PINAGBUHATAN,5:00:00,5:30:00
1-May,43,13,101638,MD LIANAS PASIG,5:30:00,6:00:00
1-May,43,16,102176,MD PUREGOLD TAGUIG,8:30:00,9:00:00
1-May,44,2,ZP00925,ZAPP P.BURGODS MARIKINA,3:30:00,4:00:00
1-May,44,3,ZP00960,ZAPP E. DELA PAZ,3:30:00,4:00:00
1-May,44,4,ZP02140,ZAPP TATOS BBQ MARIKINA,3:30:00,4:00:00
1-May,44,9,103782,MD E. SANTOS ST. MARIKINA,4:30:00,5:00:00
1-May,44,10,103693,SMFA BAYAN BAYANAN,3:00:00,6:00:00
1-May,44,11,101683,"PETROZONE OIL MARKETING, MARIKIN",3:00:00,6:00:00
1-May,44,12,106637,SMFA AMPID SAN MATEO,3:00:00,6:00:00
1-May,44,13,103781,MD GITNANG BAYAN KAMBAL RD.,5:00:00,5:30:00
1-May,44,16,ZP01384,ZAPP KATUPARAN,5:00:00,6:00:00
1-May,44,19,ZP02167,ZAPP DADAS,5:00:00,6:00:00
1-May,44,20,108103,SMFA LITEX,6:00:00,7:00:00
1-May,44,21,102417,MD RODRIGUEZ HIGHWAY,7:00:00,7:20:00
1-May,44,22,102213,MD JP RIZAL RODRIGUEZ,7:20:00,7:40:00
1-May,44,24,103780,MD LUVERS SAN RAFAEL,8:00:00,8:30:00
1-May,44,25,102529,MD SAN ISIDRO RIZAL,8:30:00,8:50:00
1-May,44,26,106938,MD PUREGOLD MONTALBAN RIZAL,9:00:00,9:15:00
1-May,44,27,108875,MD MALY,9:15:00,9:30:00
1-May,44,30,106571,SMFA MONTALBAN,0:00:00,6:00:00
1-May,45,3,402235,"MD SHOP, TRO-SPE ARANETA",5:00:00,5:20:00
1-May,45,5,402213,"MD SHOP, MANHATTAN",6:00:00,6:30:00
1-May,45,8,101919,MD FARMERS PLAZA 2 DINE IN,8:00:00,9:00:00
1-May,45,9,101923,MD FARMERS 3F,8:00:00,9:00:00
1-May,45,10,106132,MD FARMERS GROUND FLOOR,8:00:00,9:00:00
1-May,45,12,402231,"MD SHOP, ALIMALL",9:00:00,9:30:00
1-May,46,1,101672,MAV PETRON SERVICECENTER,5:00:00,6:00:00
1-May,46,2,103715,SH KAMIAS,5:00:00,6:00:00
1-May,46,3,103712,SH KALAYAAN T.V,5:00:00,6:00:00
1-May,46,7,101484,MD SM NORTH JEEPNEY TERMINAL,7:00:00,7:30:00
1-May,46,8,402204,"MD SHOP, TRINOMA",8:00:00,9:00:00
1-May,46,9,101920,MD TRINOMA BOOTH,8:00:00,9:00:00
1-May,46,10,402210,"MD SHOP, SM NORTH EDSA LGF",9:00:00,9:30:00
1-May,47,1,100079,MD LRT 3 BALINTAWAK STATION,5:45:00,6:00:00
1-May,47,5,101857,MD VICTORY MALL,6:30:00,6:50:00
1-May,47,6,108611,MD VICTORY TERMINAL MONUMENTO,6:50:00,7:10:00
1-May,47,7,108621,MD ARANETA SQUARE,6:50:00,7:10:00
1-May,47,8,112399,MD VICTORY TERMINAL CALOOCAN 2,7:15:00,7:30:00
1-May,47,9,109467,MD SM SANGANDAAN,7:50:00,8:20:00
1-May,47,10,102217,MD PUREGOLD MONUMENTO,9:10:00,9:25:00
1-May,47,11,113355,MD TRO-SPE LRT MALL CALOOCAN,7:00:00,7:30:00
1-May,48,1,101856,MD MASINAG,5:45:00,6:05:00
1-May,48,3,102694,MD COGEO TOWN PLAZA 2,6:15:00,6:30:00
1-May,48,4,100880,MRCM ENTERPRISES,6:00:00,7:00:00
1-May,48,8,102211,MD EASTMART ANTIPOLO,7:00:00,7:20:00
1-May,48,9,100392,MD GEMS ANTIPOLO,7:20:00,7:40:00
1-May,48,10,102526,MD M.L. QUEZON ANTIPOLO,7:45:00,8:15:00
1-May,48,12,107434,MD ROBINSONS ANTIPOLO,8:00:00,9:00:00
1-May,48,13,101862,MD VICTORY ANTIPOLO,8:30:00,9:00:00
1-May,48,16,103695,SMFA MAMBUGAN,8:00:00,9:00:00
1-May,48,17,402217,"MD SHOP, SM MASINAG",9:00:00,9:30:00
